,Family,Genus,Species,Introduced..y.n.,Body.mass_Mean..g.,Total.body.Length_Mean..mm.,SVL_Mean..mm.,Longevity..days.,Limbs,Sociality,Sexual.maturity..days..,Gestation.length..days.,Litter.clutch.size,Litters.clutches.per.year,Weaning.age..days..,Plant..0.1.,Terrestrial.vertebrate..0.1.,Fish..0.1.,Invertebrate..0.1.,Carrion..0.1.,trophic_level,brain_mass_g,DigitsWebbed,DigitsClaws,DigitsFlippers,DigitsHooves,LocoAquatic,LocoArboreal,LocoFossorial,LocoGliding,LocoCursorial,LocoSaltation,LocoTerrestrial,day_active,night_active,crepuscular_active,niche_aerial,niche_arboreal,niche_ground,niche_marine,niche_scansorial
1,Pteropodidae,Acerodon,humilis,N,352.43,229.4133441,282.1752971,5627.010091,4,Gregarious,679.5725465,114.2072211,1.082064133,1.152905802,140.5395787,1,0,0,0,0,1.093957937,24.95101446,0,0,0,0,0,0,0,0,0,0,0,0,0,0,0,1,0,0,0
2,Acrobatidae,Acrobates,frontalis,N,19,173,85,3464.175153,4,Solitary,381.0143473,23.01694387,1.849013756,1.540420242,102.4000801,1,0,0,1,0,1.933172222,1.898310771,0,1,0,0,0,1,0,1,0,0,0,0,1,0,0,1,0,0,0
3,Acrobatidae,Acrobates,pygmaeus,N,13,158,76.5,3212,4,Gregarious,272.11,25.12510992,3,2,99,1,0,0,1,0,2,0.874,0,1,0,0,0,1,0,1,0,0,0,0,1,0,0,1,0,0,0
4,Potoroidae,Aepyprymnus,rufescens,N,2820,723,379,4675.042,4,Solitary,345.41,22.9,1.015,3,162.535,1,0,0,0,0,1,12.3,0,1,0,0,0,0,0,0,0,0,0,0,0,0,0,0,1,0,0
5,Dasyuridae,Antechinomys,laniger,N,25.8,215,110,1277.5,4,Solitary,393.87,12,6,1.5,90.62,0,0,0,1,0,3,0.487,0,1,0,0,0,0,0,0,0,0,1,0,1,0,0,0,1,0,0
6,Dasyuridae,Antechinus,adustus,N,30.5,213,115,730,4,Solitary,289.18,28,6,1,130,0,0,0,1,0,3,0.905,0,1,0,0,0,1,0,0,0,0,1,1,1,1,0,0,1,0,0
7,Dasyuridae,Antechinus,agilis,N,26.25,187,98,1974.042,4,Solitary,374.16,27.575,7.5,1,90,0,0,0,1,0,2,0.58,0,1,0,0,0,1,0,0,0,0,1,0,1,0,0,0,1,0,0
8,Dasyuridae,Antechinus,argentus,N,52,198,99,1529.789979,4,Solitary,356.2412915,28.37954666,8,1,90,0,0,0,1,0,2.83055,0.823576822,0,1,0,0,0,0,0,0,0,0,1,0,0,0,0,0,1,0,0
9,Dasyuridae,Antechinus,arktos,N,81,250,132,1616.175319,4,Solitary,369.0369117,27.66979902,6,1.064297159,112.8109001,0,0,0,1,0,2.787365079,1.546458875,0,1,0,0,0,0,0,0,0,0,1,0,1,0,0,0,1,0,0
10,Dasyuridae,Antechinus,bellus,N,36.365,248,114.62,1244.042,4,Solitary,396.83,30,10.08,1,96,0,0,0,1,0,3,0.653,0,1,0,0,0,1,0,0,0,0,1,0,1,0,0,0,1,0,0
11,Dasyuridae,Antechinus,flavipes,N,44.665,221,114.62,1423.5,4,Solitary,334.58,30,10,1,92.5,1,1,0,1,0,3,0.663,0,1,0,0,0,1,0,0,0,0,1,1,1,1,0,0,1,0,0
12,Dasyuridae,Antechinus,godmani,N,75.74,263,139,730,4,Solitary,374.16,30,6,1,125.84,0,1,0,1,0,3,2.109,0,1,0,0,0,1,0,0,0,0,1,1,1,1,0,0,1,0,0
13,Dasyuridae,Antechinus,leo,N,70.09,184,150,730,4,Solitary,396.83,30.99,9.095,1,100,0,0,0,1,0,3,0.777,0,1,0,0,0,1,0,0,0,0,1,0,1,0,0,0,1,0,0
14,Dasyuridae,Antechinus,mimetes,N,65,140,132,1587.407329,4,Solitary,360.2963403,30,10,1,90,0,0,0,1,0,2.877926984,1.230908406,0,1,0,0,0,0,1,0,0,0,1,1,1,1,0,0,1,0,0
15,Dasyuridae,Antechinus,minimus,N,52.56,200,120,730,4,Solitary,361.77,29.27,7.19,1,90,0,0,0,1,0,3,0.767,0,1,0,0,0,0,0,0,0,0,1,0,1,0,0,0,1,0,0
16,Dasyuridae,Antechinus,mysticus,N,33,206,107,1537.524388,4,Solitary,363.9759913,27.77818688,9,1,90,0,1,0,1,0,2.746787302,0.821507728,0,1,0,0,0,1,0,0,0,0,1,0,1,0,0,0,1,0,0
17,Dasyuridae,Antechinus,stuartii,N,27.85,200,106,1974.042,4,Solitary,329.99,28.15,6.945,1,92.5,0,0,0,1,0,3,0.787,0,1,0,0,0,1,0,0,0,0,1,0,1,0,0,0,1,0,0
18,Dasyuridae,Antechinus,subtropicus,N,59.5,210,115,1362.978991,4,Solitary,359.3259603,24.5,8,1,96.91630271,0,1,0,1,1,3,0.746,0,1,0,0,0,0,0,0,0,0,0,0,0,0,0,0,1,0,0
19,Dasyuridae,Antechinus,swainsonii,N,58.69,236,175,1213.625,4,Solitary,319.37,28.845,8.12,1,94.5,0,1,0,1,0,3,1.129,0,1,0,0,0,0,0,0,0,0,1,1,1,1,0,0,1,0,0
20,Dasyuridae,Antechinus,vandycki,N,73,229,120,1829.69056,4,Solitary,378.5671898,26.86773594,6.911437397,1.097064619,120.2039908,0,0,0,1,0,2.668411905,1.483419913,0,1,0,0,0,0,0,0,0,0,0,0,0,0,0,0,1,0,0
21,Bovidae,Antilope,cervicapra,Y,37500,1500,1225,8723.5,4,Gregarious,700.04,167.699,1,1.9,60,1,0,0,0,0,1.16265,159.5038984,0,0,0,1,0,0,0,0,0,0,1,1,0,0,0,0,1,0,0
22,Pteropodidae,Aproteles,bulmerae,N,623.91,245.47,288.906422,5733.882362,4,Gregarious,506.5229299,104.8742305,1,1,114.367412,0,0,0,1,0,2.90872381,25.40062384,0,0,0,0,0,0,0,0,0,0,0,0,0,0,0,0,0,0,0
23,Otariidae,Arctocephalus,forsteri,N,67979.43,1795.585,1084.375479,11169,4,Gregarious,2668.42,239.235,1,1,360,0,1,1,1,0,2,331.52,0,0,1,0,1,0,0,0,0,0,1,0,0,0,0,0,0,1,0
24,Otariidae,Arctocephalus,gazella,N,67979.43,1633.87,1090.00776,11169,4,Gregarious,1691.66,260.152,1,1,272.08,0,0,1,1,0,3,352.24,0,0,1,0,1,0,0,0,0,0,1,0,1,0,0,0,0,1,0
25,Otariidae,Arctocephalus,pusillus,N,127551,2119.665,1110.469907,11716.5,4,Gregarious,1698.17,357.83,1,1,354,0,0,1,0,0,3,382.673,0,0,1,0,1,0,0,0,0,0,1,0,0,0,0,0,0,1,0
26,Otariidae,Arctocephalus,tropicalis,N,71111.275,1210.08,1089.221517,8395,4,Gregarious,1538.68,357.623,1.2,1.05,272.08,0,0,1,1,0,2,337.995,0,0,1,0,1,0,0,0,0,0,1,0,1,0,0,0,0,1,0
27,Molossidae,Austronomus,australis,N,36.4,135,92,3870.600549,4,Gregarious,426.16,152.2,1,1,136.98,0,0,0,1,0,3,0.989,1,1,0,0,0,1,0,0,0,0,0,0,0,0,1,0,0,0,0
28,Cervidae,Axis,axis,Y,45500,1750,1400,7592,4,Gregarious,543.68,226.745,1.03,1.01,121.872,1,0,0,0,0,1,166.897,0,0,0,1,0,0,0,0,0,0,1,0,0,1,0,0,1,0,0
29,Cervidae,Axis,porcinus,Y,37448.29,1750,1350,8358.5,4,Gregarious,464.04,226.748,1,1.054868726,182.308,1,0,0,0,0,1,119.433,0,0,0,1,0,0,0,0,0,0,1,1,1,1,0,0,1,0,0
30,Balaenopteridae,Balaenoptera,acutorostrata ,N,5500000,7800,1246.731135,24764.42435,2,Gregarious,1894.10139,322.3462593,0.999501187,0.598967675,241.1425481,0,0,0,1,0,2.968470635,3750.741671,0,0,1,0,1,0,0,0,0,0,0,0,0,0,0,0,0,1,0
31,Balaenopteridae,Balaenoptera,bonaerensis,N,1.30E+07,9800,1262.164869,26645,2,Gregarious,1985.119,304.4,1,1,167.34,0,0,1,1,0,3,4189.625,0,0,1,0,1,0,0,0,0,0,0,0,0,0,0,0,0,1,0
32,Balaenopteridae,Balaenoptera,borealis,N,3.00E+07,19191.08,1258.840198,27010,2,Gregarious,3274.59,345.985,1.01,0.45,230.096,0,0,1,1,0,3,4900,0,0,1,0,1,0,0,0,0,0,0,0,0,0,0,0,0,1,0
33,Balaenopteridae,Balaenoptera,edeni,N,2.40E+07,14423.085,1247.431637,26280,2,Gregarious,1886.85,376,1,0.5,273.924,0,0,1,1,0,3,5421.725,0,0,1,0,1,0,0,0,0,0,0,0,0,0,0,0,0,1,0
34,Balaenopteridae,Balaenoptera,musculus,N,1.80E+08,30490,1261.408712,40150,2,Gregarious,1959.8,326.97,1,0.41,212.36,0,0,0,1,0,3,6729.25,0,0,1,0,1,0,0,0,0,0,0,0,0,0,0,0,0,1,0
35,Balaenopteridae,Balaenoptera,omurai,N,7334036,11000,1274.172272,29624.04824,2,Gregarious,2602.319847,331.8657399,1.000416313,0.461199783,242.5403118,0,0,0,1,0,3,4892.068,0,0,1,0,1,0,0,0,0,0,0,0,0,0,0,0,0,1,0
36,Balaenopteridae,Balaenoptera,physalus,N,8.00E+07,27920.53,1261.408712,42340,2,Gregarious,2666.41,342,1,0.4,216.917,0,0,0,1,0,3,7111.43,0,0,1,0,1,0,0,0,0,0,0,0,0,0,0,0,0,1,0
37,Ziphiidae,Berardius,arnuxii,N,1.10E+07,12000,1251.881612,30660,2,Gregarious,2922,304.38,1,0.563299623,256.2374447,0,0,1,0,0,3,4418.484,0,0,1,0,1,0,0,0,0,0,0,0,0,0,0,0,0,1,0
38,Potoroidae,Bettongia,anhydra,N,1577.472315,663.3802222,371.8597155,4544.521622,4,Solitary,371.9439529,27.11268988,1.104813671,1.887454377,157.3733577,1,0,0,0,0,1.283319841,11.03415889,0,1,0,0,0,0,0,0,0,0,1,0,1,0,0,0,1,0,0
39,Potoroidae,Bettongia,gaimardi,N,1385,649,323,4307,4,Solitary,303.62,21.14,1,2.05,121.32,1,0,0,0,0,2,12.121,0,1,0,0,0,0,0,0,0,0,1,0,1,0,0,0,1,0,0
40,Potoroidae,Bettongia,lesueur,N,1447.27,645,360,3650,4,Gregarious,250.53,21.28,1,3,164.53,1,0,0,1,0,2,10.878,0,1,0,0,0,0,1,0,0,0,1,0,1,0,0,0,1,0,0
41,Potoroidae,Bettongia,penicillata,N,1101.175,725,365,6862,4,Gregarious,198.41,19.175,1,3,150,1,0,0,1,0,2,9.904,0,1,0,0,0,0,0,0,0,0,1,0,1,0,0,0,1,0,0
42,Potoroidae,Bettongia,pusilla,N,3416.443309,882.2366608,513.3281339,3291.61018,4,Solitary,427.6846454,29.60444115,1.115544278,1.731679929,209.5373458,1,0,0,0,0,1.178731746,14.80306442,0,1,0,0,0,0,0,0,0,0,0,0,0,0,0,0,1,0,0
43,Potoroidae,Bettongia,tropica,N,1184.35,664,350,6862,4,Solitary,341.28,19.44,1,2.56,150,1,0,0,1,0,2,9.241,0,1,0,0,0,0,0,0,0,0,1,0,1,0,0,0,1,0,0
44,Bovidae,Bos,javanicus,Y,683333.335,2162.5,1522.424683,9891.5,4,Gregarious,797.31,295.89,1.22,1,296.571,1,0,0,0,0,1.249762698,459.6344293,0,0,0,1,0,0,0,0,0,0,1,0,1,1,0,0,1,0,0
45,Bovidae,Bos,taurus,Y,7.00E+05,2570.234149,1567.040054,9189.397516,4,Gregarious,612.5008681,283,1.1,0.924049356,180.0681943,1,0,0,0,0,1.08446746,424.9919727,0,0,0,1,0,0,0,0,0,0,1,0,0,0,0,0,1,0,0
46,Bovidae,Bubalus,bubalis,Y,825000,2689.359999,2600,9710.827593,4,Gregarious,682.1792177,334,1.196904209,0.6,251.5295316,1,0,0,0,0,1.112980952,532.2464165,0,0,0,1,0,0,0,0,0,0,1,1,0,0,0,0,1,0,0
47,Burramyidae,Burramys,parvus,N,44.3,248,122.25,4380,4,Solitary,376.36,14.87,3.55,1,59.91,1,0,0,1,0,2,1,0,1,0,0,0,0,1,0,0,0,1,0,1,0,0,1,0,0,0
48,Potoroidae,Caloprymnus,campestris,N,908.285,682,282,4745,4,Solitary,398.3875839,45.66,1,1.899243472,164.2951455,1,0,0,0,0,1.319701587,9.18400186,0,1,0,0,0,0,0,0,1,0,0,0,1,0,0,0,1,0,0
49,Camelidae,Camelus,dromedarius,Y,8.00E+05,2552.351264,300,10646.94087,4,Gregarious,879.5748165,370,1,0.6,504,1,0,0,0,0,1.211166667,518.2128606,0,0,0,1,0,0,0,0,0,0,1,0,0,0,0,0,1,0,0
50,Canidae,Canis,familiaris,Y,14000,1238,914,8170.083517,4,Gregarious,730,63,5,1,112,0,1,0,1,1,2.419072222,61.43653893,0,1,0,0,0,0,0,0,0,0,1,0,0,0,0,0,1,0,0
51,Neobalaenidae,Caperea,marginata,N,4.00E+06,6090,1233.952506,21634.52899,2,Gregarious,1934.962083,304.4,1,0.62378839,175.019,0,0,0,1,0,3,2704.191,0,0,1,0,1,0,0,0,0,0,0,0,0,0,0,0,0,1,0
52,Bovidae,Capra,hircus,Y,40000,1190,1040,8132.626326,4,Gregarious,168,140,1.5,2,124.1846104,1,0,0,0,0,1.147878571,156.910495,0,0,0,1,0,0,0,0,0,0,1,0,0,0,0,0,1,0,0
53,Burramyidae,Cercartetus,caudatus,N,23.05,243,108.985,1168,4,Solitary,464.04,21.11815428,2.37,2,76.04,1,0,0,1,0,2,2.839,0,1,0,0,0,1,0,0,0,0,0,0,1,0,0,1,0,0,0
54,Burramyidae,Cercartetus,concinnus,N,40,167,70,3765.583,4,Solitary,274.24,52.14,4.3,1.5,56,1,0,0,1,0,2,0.311,0,1,0,0,0,1,0,0,0,0,1,0,1,0,0,1,0,0,0
55,Burramyidae,Cercartetus,lepidus,N,10.015,135,64,2753.360687,4,Solitary,91.32,28.51856172,3.665,1.55,89.99,1,0,0,1,0,2,0.373,0,1,0,0,0,1,0,0,0,0,1,0,1,0,0,1,0,0,0
56,Burramyidae,Cercartetus,nanus,N,60,180,70,3765.583,4,Solitary,193.8,26.91178616,3.98,2,62.25,1,0,0,1,0,2,0.445,0,1,0,0,0,1,0,0,0,0,1,0,1,0,0,1,0,0,0
57,Cervidae,Cervus,elaphus,Y,160166.665,2136.72,200,11497.5,4,Gregarious,659.91,244.401,1.035,0.905,156,1,0,0,0,0,1,353.575,0,0,0,1,0,0,0,0,0,0,1,0,0,1,0,0,1,0,0
58,Cervidae,Cervus,nippon,Y,52999.99,1450.255,1300.255,9599.5,4,Gregarious,518.12,223.66,1,1,172.572,1,0,0,0,0,1.062653175,214.9383836,0,0,0,1,0,0,0,0,0,0,1,0,0,1,0,0,1,0,0
59,Cervidae,Cervus,timorensis,N,109000,1798.334494,1770,9219.305341,4,Gregarious,593.0661377,244.8664823,1.12527746,0.973446397,212.9400934,1,0,0,0,0,1,186.066,0,0,0,1,0,0,0,0,0,0,1,0,0,0,0,0,1,0,0
60,Cervidae,Cervus,unicolor,Y,192000,1966.298566,2460,9312.538311,4,Solitary,603.1423627,252.876377,1.183464189,0.965747863,192.5751598,1,0,0,0,0,1,282.534,0,0,0,1,0,0,0,0,0,0,1,0,0,1,0,0,1,0,0
61,Molossidae,Chaerephon,jobensis,N,20.71,125,84,3190.592402,4,Gregarious,433.6790069,158.7984863,1.16692096,1.073091726,61.95074208,0,0,0,1,0,3,0.36,1,1,0,0,0,1,0,0,0,0,0,0,1,0,1,0,0,0,0
62,Chaeropodidae,Chaeropus ,ecaudatus,N,600,380,260,2395.497897,4,Solitary,344.9205052,21.01556835,2,1.448867825,109.4283024,1,0,0,0,0,1.994177778,4.554678906,0,1,0,0,0,0,0,0,0,0,0,0,1,0,0,0,1,0,0
63,Chaeropodidae,Chaeropus ,yirratji,N,600,415,260,2200.779473,4,Solitary,341.0862647,21.04554496,4.660337313,1.434424857,108.1892144,1,0,0,0,0,2.162284921,4.568216079,0,1,0,0,0,0,0,0,0,0,0,0,0,0,0,0,1,0,0
64,Vespertilionidae,Chalinolobus,dwyeri,N,8.74,106,56,2125.219145,4,Gregarious,381.056495,93.94987675,1.67,1,36.41,0,0,0,1,0,3,0.167,1,1,0,0,0,1,0,0,0,0,0,0,0,0,1,0,0,0,0
65,Vespertilionidae,Chalinolobus,gouldii,N,15.87,125,75,2761.833,4,Gregarious,365.25,91.93,1.705,0.75,58.9576048,0,0,0,1,0,3,0.24,1,1,0,0,0,1,0,0,0,0,0,0,1,0,1,0,0,0,0
66,Vespertilionidae,Chalinolobus,morio,N,8.91,105,57,730,4,Gregarious,376.2881345,94.32060572,1.19,1,47.00652309,0,0,0,1,0,3,0.184,1,1,0,0,0,1,0,0,0,0,0,0,1,0,1,0,0,0,0
67,Vespertilionidae,Chalinolobus,nigrogriseus,N,8.79,87,47,1579.241268,4,Gregarious,334.1158381,90.81152183,1.5,1.108217044,44.34554391,0,0,0,1,0,3,0.537,1,1,0,0,0,1,0,0,0,0,0,0,1,0,1,0,0,0,0
68,Vespertilionidae,Chalinolobus,picatus,N,5.86,82,45,1691.444067,4,Gregarious,249.8878591,68.52945351,2,1.26712071,44.88483251,0,0,0,1,0,3,0.198,1,1,0,0,0,1,0,0,0,0,0,0,0,0,1,0,0,0,0
69,Muridae,Conilurus,albipes,N,200,500,260,2325.333465,4,Gregarious,192.1038981,35.98500503,2.341547619,2.050633643,33.08386736,1,0,0,1,0,1.206303175,3.943461844,0,1,0,0,0,0,0,0,0,0,1,0,1,0,0,0,1,0,0
70,Muridae,Conilurus,capricornensis,N,323.1133508,341.4431162,269.47251,3111.227504,4,Gregarious,186.6295473,40.35837567,2.236266385,2.08803519,35.0331257,1,0,0,1,0,1.833047619,27.9110811,0,0,0,0,0,0,0,0,0,0,0,0,0,0,0,0,1,0,0
71,Muridae,Conilurus,penicillatus,N,159.51,353,165,1825,4,Gregarious,77,35.306,2,2.817124159,31,1,0,0,1,0,2,1.91,0,1,0,0,0,1,0,0,0,0,1,0,1,1,0,1,0,0,0
72,Muridae,Crunomys,celebensis,N,55,127,186.583399,3141.941524,4,Gregarious,125.2242406,31.36030141,3.478119002,2.716055067,42.37011783,1,0,0,1,0,1.900821429,26.51318855,0,0,0,0,0,0,0,0,0,0,0,0,0,0,0,0,1,0,0
73,Petauridae,Dactylopsila,tatei,N,359,273,298.6021005,5178.519598,4,Gregarious,546.9391253,27.47847533,1.401177302,1.301035925,152.1229956,1,0,0,0,0,1.154028571,28.40097122,0,0,0,0,0,0,0,0,0,0,0,0,0,0,0,1,0,0,0
74,Petauridae,Dactylopsila,trivirgata,N,406.705,622,280,3504,4,Solitary,530.7529758,18.20813873,1.52,1.1,173.4283908,1,0,0,1,0,3,6.04,0,1,0,0,0,1,0,0,0,0,0,0,1,0,0,1,0,0,0
75,Cervidae,Dama,dama,Y,63612.305,1894.911703,1750,9125,4,Gregarious,543.28,233,1.07,1,182.92,1,0,0,0,0,1.06816746,210.0249991,0,0,0,1,0,0,0,0,0,0,1,0,0,1,0,0,1,0,0
76,Dasyuridae,Dasycercus,blythi,N,110,265,165,2037.237764,4,Solitary,362.7630297,28.00762918,6.009215278,1.019732421,118.2923416,0,1,0,1,0,3,1.285,0,1,0,0,0,0,0,0,0,0,0,0,0,0,0,0,1,0,0
77,Dasyuridae,Dasycercus,cristicauda,N,83.8,197.5,230,2701,4,Solitary,364.12,38.495,6.25,1,120,0,1,0,0,0,3,1.285,0,1,0,0,0,0,1,0,0,0,1,0,1,0,0,0,1,0,0
78,Dasyuridae,Dasykaluta,rosamondae,N,32.17,110,110,1095,4,Solitary,324.38,49.69,7.32,1,111.5,0,0,0,1,0,3,0.559,0,1,0,0,0,0,0,0,0,0,1,0,1,0,0,0,1,0,0
79,Dasyuridae,Dasyuroides,byrnei,N,105,170.245,165,2920,4,Solitary,299.95,32.745,6,2,110,0,1,0,0,0,3,1.554,0,1,0,0,0,0,1,0,0,0,1,0,1,0,0,0,1,0,0
80,Dasyuridae,Dasyurus,albopunctatus,N,555,435.1056654,336.9198296,2252.354176,4,Solitary,413.6341633,22.99123313,5.331478556,1.0417145,134.5557178,0,1,0,0,0,2.736450794,5.43424248,0,1,0,0,0,0,0,0,0,0,0,0,0,0,0,0,1,0,0
81,Dasyuridae,Dasyurus,geoffroii,N,603.48,309.46,400,1669.875,4,Solitary,392.2275826,19.29,6.19,1.052653944,97.65,0,1,0,0,0,3,5.17,0,1,0,0,0,0,0,0,0,0,0,0,0,0,0,0,1,0,0
82,Dasyuridae,Dasyurus,hallucatus,N,1300,499.45,370,2278.208,4,Solitary,417.36,16.83,5.735,1,156.06,0,1,0,1,1,3,3.502,0,1,0,0,0,1,0,0,0,0,1,0,1,0,0,0,1,0,0
83,Dasyuridae,Dasyurus,maculatus,N,5000,1309,759,2156.542,4,Solitary,374.16,27.20015543,6.595,1,133.445,0,1,0,1,1,2,4.71,0,1,0,0,0,0,0,0,0,0,1,0,1,0,0,0,1,0,0
84,Dasyuridae,Dasyurus,spartacus,N,1782,593.645,400.9825385,2482,4,Solitary,374.39,21,4.47,1,135,0,1,0,0,0,2.762584921,6.967051521,0,1,0,0,0,0,0,0,0,0,0,0,0,0,0,0,1,0,0
85,Dasyuridae,Dasyurus,viverrinus,N,885.67,590,370,1095,4,Solitary,391.0726629,19.12,6.78,1.061764071,97.65,0,1,0,1,0,2,5.33,0,1,0,0,0,0,0,0,0,0,0,0,0,0,0,0,1,0,0
86,Delphinidae,Delphinus,delphis,N,110000,2519.995,1194.146847,10594.125,2,Gregarious,1473.2,296.89,0.99,0.42,362.314,0,0,1,0,0,3,795.731,0,0,1,0,1,0,0,0,0,0,0,0,0,0,0,0,0,1,0
87,Macropodidae,Dendrolagus,bennettianus,N,9581,1590,706.715,7300,4,Solitary,649.4780321,32,1,1.1,600,1,0,0,0,0,1,18.5,0,1,0,0,0,1,0,0,0,0,0,0,1,0,0,1,0,0,0
88,Macropodidae,Dendrolagus,lumholtzi,N,6649.97,1510,710,3650,4,Gregarious,816.35,45,1,1,539.29,1,0,0,0,0,1,26.2,0,1,0,0,0,1,0,0,0,0,0,0,1,0,0,1,0,0,0
89,Macropodidae,Dendrolagus,mayri,N,9250,706.715,674.1647847,7196.583,4,Solitary,543.9821081,32,1,1.423826532,600,1,0,0,0,0,1.068447619,48.65012574,0,0,0,0,0,0,0,0,0,0,0,0,0,0,0,0,1,0,0
90,Pteropodidae,Dobsonia,magna,N,417.15,339,300,4492.542,4,Gregarious,755.15,156.43,0.995,1,166.2,1,0,0,0,0,1,4.43,1,1,0,0,0,1,0,0,0,0,0,0,0,0,0,1,0,0,0
91,Dugongidae,Dugong,dugon,N,360000,2210,1119.531992,26645,2,Gregarious,3775.76,372.52,1,0.22,547.848,1,0,0,1,0,2,1997.555,0,0,1,0,1,0,0,0,0,0,0,0,0,0,0,0,0,1,0
92,Peroryctidae,Echymipera ,rufescens,N,2225,587,480,3162.681862,4,Solitary,140,17.38798172,2.8,3,70,1,0,0,1,0,2,3.864,0,1,0,0,0,0,1,0,0,0,1,0,1,0,0,0,1,0,0
93,Equidae,Equus,asinus,Y,32500,2500,1381.719346,9255.43433,4,Gregarious,912.5,243.3879588,1.165515467,1.023966611,172.0659812,1,0,0,0,0,1.404390476,237.3970974,0,0,0,1,0,0,0,0,0,0,1,1,0,0,0,0,1,0,0
94,Equidae,Equus,caballus,Y,350000,2162.992764,1274.612417,9345.11395,4,Gregarious,721.2900494,272.1653767,1.174314721,0.990450832,172.2564685,1,0,0,0,0,1.228542857,322.3673223,0,0,0,1,0,0,0,0,0,0,1,0,0,0,0,0,1,0,0
95,Balaenidae,Eubalaena,australis,N,2.30E+07,14150,1246.754137,25550,2,Gregarious,3285,363.49,1,0.455,224.24,0,0,0,1,0,3,5478.954,0,0,1,0,1,0,0,0,0,0,0,0,0,0,0,0,0,1,0
96,Vespertilionidae,Falsistrellus,mackenziei,N,23,110,64,2144.088876,4,Gregarious,383.2739832,69.84345083,1.425421623,1.1086545,49.16941812,0,0,0,1,0,3,3.015,1,1,0,0,0,1,0,0,0,0,0,0,0,0,1,0,0,0,0
97,Vespertilionidae,Falsistrellus,tasmaniensis,N,22.54,122,70,2020.852518,4,Gregarious,373.5366584,70.2636473,1.440093813,1.101512,50.11324646,0,0,0,1,0,3,2.06,1,1,0,0,0,1,0,0,0,0,0,0,0,0,1,0,0,0,0
98,Felidae,Felis,catus,Y,6000,1085,740,6552.084136,4,Solitary,280,65.5,4.5,2,56,0,1,0,0,1,2.356660317,44.75708094,0,1,0,0,0,0,0,0,0,0,1,0,0,0,0,0,1,0,0
99,Delphinidae,Feresa,attenuata,N,225000,2700,1207.512387,7665,2,Gregarious,2842.557957,344.3618897,1,0.307697902,498.9902692,0,0,1,0,0,3,898.244,0,0,1,0,1,0,0,0,0,0,0,0,1,0,0,0,0,1,0
100,Sciuridae,Funambulus,pennantii,Y,125.07,178,290.8170211,1852.375,4,Gregarious,250.22,40.48,3.14,2.585,58.6,1,0,0,1,0,1.531811111,35.20723917,0,0,0,0,0,0,0,0,0,0,0,0,0,0,0,0,1,0,0
101,Vespertilionidae,Glischropus,javanus,N,5.37,96.37525436,126.5013795,3498.379326,4,Gregarious,318.3127782,78.0085131,1.640057603,1.181543421,45.83482374,0,0,0,1,0,2.986783333,25.51440633,0,0,0,0,0,0,0,0,0,0,0,0,0,0,1,0,0,0,0
102,Delphinidae,Globicephala,macrorhynchus,N,2.00E+06,6100,1246.019313,22995,2,Gregarious,3788.23,452,1,0.22,730,0,0,1,0,0,3,2739.773,0,0,1,0,1,0,0,0,0,0,0,0,0,0,0,0,0,1,0
103,Delphinidae,Globicephala,melas,N,3.00E+06,7092.875,1246.019313,21900,2,Gregarious,3458.66,453.451,1,0.243,725.515,0,0,1,0,0,3,2673,0,0,1,0,1,0,0,0,0,0,0,0,0,0,0,0,0,1,0
104,Delphinidae,Grampus,griseus,N,425000,4000,1191.341563,15512.5,2,Gregarious,2526.32,365.116,1,0.417,456.6,0,0,1,0,0,3,2551,0,0,1,0,1,0,0,0,0,0,0,0,1,0,0,0,0,1,0
105,Petauridae,Gymnobelideus,leadbeateri,N,133.66,332,164,5146.5,4,Gregarious,481.03,17.215,1.54,2,117.16,1,0,0,1,0,2,2.953,0,1,0,0,0,1,0,0,0,0,0,0,1,0,0,1,0,0,0
106,Pseudocheiridae,Hemibelideus,lemuroides,N,1040,690,352,5475,4,Gregarious,730.5,20.20574081,1,1.05,121.76,1,0,0,0,0,1,3.263,0,1,0,0,0,1,0,0,0,0,0,0,1,0,0,1,0,0,0
107,Hipposideridae,Hipposideros,ater,N,7.125,62,40,3158.952183,4,Gregarious,326.81,118.55,0.99,1.230243484,79.2,0,0,0,1,0,3,0.198,1,1,0,0,0,1,0,0,0,0,0,0,1,0,1,0,0,0,0
108,Hipposideridae,Hipposideros,cervinus,N,8.505,86,55,3612.465384,4,Gregarious,424.4367581,133.6088289,0.995,1,67.57336823,0,0,0,1,0,3,0.214,1,1,0,0,0,1,0,0,0,0,0,0,1,0,1,0,0,0,0
109,Hipposideridae,Hipposideros,diadema,N,46.9,140,95,4380,4,Gregarious,365.25,119.8727539,1,1.061390595,89.56964928,0,1,0,1,0,3,0.715,1,1,0,0,0,1,0,0,0,0,0,0,1,0,1,0,0,0,0
110,Hipposideridae,Hipposideros,inornatus,N,40.45,123,77,4380,4,Gregarious,365.25,119.4285875,1,1.099691504,78.49792582,0,0,0,1,0,3,0.713,1,1,0,0,0,1,0,0,0,0,0,0,0,0,1,0,0,0,0
111,Hipposideridae,Hipposideros,semoni,N,14,76,50,3601.414971,4,Solitary,416.0143419,145.1123048,1.116236782,1.201780258,68.65671015,0,0,0,1,0,3,0.417,1,1,0,0,0,1,0,0,0,0,0,0,1,0,1,0,0,0,0
112,Hipposideridae,Hipposideros,stenotis,N,12,73,45,3669.159604,4,Gregarious,430.092091,138.9524837,1.107301389,1.135603012,70.17933989,0,0,0,1,0,3,0.386,1,1,0,0,0,1,0,0,0,0,0,0,0,0,1,0,0,0,0
113,Muridae,Hydromys,chrysogaster,N,738.085,573,300,2664.5,4,Gregarious,124.43,36,3.8,2.12,30,1,1,1,1,1,3,4.33,1,1,0,0,1,0,0,0,0,0,1,1,0,1,0,0,1,0,0
114,Phocidae,Hydrurga,leptonyx,N,375671.075,3019.165,1134.777286,9490,4,Gregarious,1389.01,289.142,0.98,1.1,30.423,0,1,1,1,0,2,738.15,0,0,1,0,1,0,0,0,0,0,1,0,0,0,0,0,0,1,0
115,Ziphiidae,Hyperoodon,planifrons,N,5440000,7899.995,1225.057105,13505,2,Gregarious,3469.875,197.855,1.001837393,0.52856431,365.25,0,0,1,0,0,3,2413.667,0,0,1,0,1,0,0,0,0,0,0,0,0,0,0,0,0,1,0
116,Hypsiprymnodontidae,Hypsiprymnodon,moschatus,N,534.25,375,230,2190,4,Solitary,413.84,19,2.04,1.1,268.47,1,0,0,1,0,2,7.304,0,1,0,0,0,1,0,0,0,0,1,1,0,0,0,0,1,0,0
117,Ziphiidae,Indopacetus,pacificus,N,5791584.348,5200,1283.52809,19014.11517,2,Gregarious,1854.56784,310.1762615,0.97,0.729857809,205.4271114,0,0,1,0,0,3,2338.294,0,0,1,0,1,0,0,0,0,0,0,0,0,0,0,0,0,1,0
118,Peramelidae,Isoodon,auratus,N,467.5,352.495,245,2445.5,4,Solitary,131.21,12.5,2.6,2.2,59.99,1,1,0,1,0,3,4.73,0,1,0,0,0,0,0,0,0,0,1,0,1,0,0,0,1,0,0
119,Peramelidae,Isoodon,fusciventer,N,1476,501,359,3815.176913,4,Solitary,332.3702342,15.58762232,2,2.316318028,97.59330275,1,0,0,1,0,2.047840476,6.292234124,0,1,0,0,0,0,0,0,0,0,1,1,1,1,0,0,1,0,0
120,Peramelidae,Isoodon,macrourus,N,1551,570,422.09,2482,4,Solitary,184.92,12.255,3.565,2.66,61.495,1,0,0,1,0,2,4.453,0,1,0,0,0,0,0,0,0,0,1,0,1,0,0,0,1,0,0
121,Peramelidae,Isoodon,obesulus,N,717,454,350,2372.5,4,Solitary,171.1,15,2.53,2.2,60.995,1,0,0,1,0,3,4.03,0,1,0,0,0,0,0,0,0,0,1,1,1,1,0,0,1,0,0
122,Peramelidae,Isoodon,peninsulae,N,690,464.3652341,334.2085221,3497.868727,4,Solitary,324.9694492,16.11644036,2.670114891,2.27871829,87.35109411,1,0,0,1,0,2.083200794,4.81796032,0,1,0,0,0,0,0,0,0,0,1,0,0,0,0,0,1,0,0
123,Kogiidae,Kogia,breviceps,N,424600,4000,1229.836954,6205,2,Gregarious,913.125,334.796,1,1,364.765,0,0,0,1,0,3,1012,0,0,1,0,1,0,0,0,0,0,0,0,0,0,0,0,0,1,0
124,Kogiidae,Kogia,sima,N,3.00E+05,2429.02,1252.200771,6935,2,Gregarious,152.2,273.96,1,0.5,258.74,0,0,1,0,0,3,622,0,0,1,0,1,0,0,0,0,0,0,0,0,0,0,0,0,1,0
125,Delphinidae,Lagenodelphis,hosei,N,210000,2640,1199.524597,5840,2,Gregarious,2598.64,334.796,1,0.5,473.2700723,0,0,1,1,0,3,942.156,0,0,1,0,1,0,0,0,0,0,0,0,0,0,0,0,0,1,0
126,Delphinidae,Lagenorhynchus,cruciger,N,1.00E+05,1800,1133.764155,16790,2,Gregarious,2607.645,365.256,1,0.387356163,365.28,0,0,1,1,0,3,736.216,0,0,1,0,1,0,0,0,0,0,0,0,0,0,0,0,0,1,0
127,Delphinidae,Lagenorhynchus,obscurus,N,140000,2020,1144.859298,13140,2,Gregarious,2191.5,350.493,1,0.418,365.25,0,0,1,0,0,3,750.634,0,0,1,0,1,0,0,0,0,0,0,1,1,1,0,0,0,1,0
128,Macropodidae,Lagorchestes,asomatus,N,1500,974.5503358,553.8876233,4320.702208,4,Solitary,503.4323619,32.4977871,1,1.361889659,317.9652382,1,0,0,0,0,1.029136508,19.8460056,0,1,0,0,0,0,0,0,0,0,0,0,0,0,0,0,1,0,0
129,Macropodidae,Lagorchestes,conspicillatus,N,2740.505,1020,490,3218.083,4,Solitary,390.88,30.545,1,1.71,204,1,0,0,0,0,1,14.504,0,1,0,0,0,0,0,0,0,0,1,0,1,0,0,0,1,0,0
130,Macropodidae,Lagorchestes,hirsutus,N,1358.57,600,390,4827.125,4,Solitary,373.77,30.28366546,1,1.89,150,1,0,0,1,0,1,11.982,0,1,0,0,0,0,0,0,0,0,1,0,1,0,0,0,1,0,0
131,Macropodidae,Lagorchestes,leporides,N,3000,810,490,365,4,Solitary,460.6273447,32.97448343,1,1.484415877,300.3759548,1,0,0,0,0,1.175677778,17.64202057,0,1,0,0,0,0,0,0,1,0,0,0,0,0,0,0,1,0,0
132,Macropodidae,Lagostrophus,fasciatus,N,1933.48,750,430,1460,4,Solitary,391.96,30,0.9,1.1,269.23,1,0,0,0,0,1,13.096,0,1,0,0,0,0,0,0,0,0,1,0,1,0,0,0,1,0,0
133,Vombatidae,Lasiorhinus,krefftii,N,28632.6,1050,1050,11111.208,4,Solitary,568.092,20.87,1,1,326.07,1,0,0,0,0,1,54.051,0,1,0,0,0,0,1,0,0,0,1,0,1,0,0,0,1,0,0
134,Vombatidae,Lasiorhinus,latifrons,N,26163.8,1170,927.5,10913.5,4,Solitary,631.37,20.87,1,1.1,319.035,1,0,0,0,0,1,55.5,0,1,0,0,0,0,1,0,0,0,1,0,1,0,0,0,1,0,0
135,Muridae,Leggadina,forresti,N,21.94,145,92.15,1505.977543,4,Gregarious,91.53,40,3.5,2.663390504,30.218,1,0,0,1,0,2,0.718,0,1,0,0,0,0,1,0,0,0,1,0,1,0,0,0,1,0,0
136,Muridae,Leggadina,lakedownensis,N,17.5,173,92,1516.410468,4,Solitary,91.53,32.474,3,2,30.218,1,0,0,0,0,1,0.612,0,1,0,0,0,0,1,0,0,0,1,0,1,0,0,0,1,0,0
137,Muridae,Leporillus,apicalis,N,150,420,190,2068.887226,4,Gregarious,187.8588358,37.42722749,2.203717992,2.088886183,34.02564884,1,0,0,1,0,1.109756349,2.333909948,0,1,0,0,0,0,0,0,0,0,1,0,1,0,0,0,1,0,0
138,Muridae,Leporillus,conditor,N,332.5,390,220,1943.625,4,Gregarious,244.09,38,2.2,1.950129718,36,1,0,0,0,0,1,3.13,0,1,0,0,0,0,0,0,0,0,1,0,0,0,0,0,1,0,0
139,Muridae,Leptomys,signatus,N,88.095,152.33,191.4691499,2658.094379,4,Gregarious,136.4073849,35.96141598,1.88,2.653720484,41.83703585,1,0,0,1,0,1.877707937,26.12716149,0,0,0,0,0,0,0,0,0,0,0,0,0,0,0,0,1,0,0
140,Phocidae,Leptonychotes,weddellii,N,410833.335,2754.955,1133.617215,9125,4,Gregarious,1587.55,312.01,1,1.1,43.35,0,0,1,1,0,2,571.178,0,0,1,0,1,0,0,0,0,0,1,0,1,0,0,0,0,1,0
141,Leporidae,Lepus,capensis,Y,2202.555,550.515,536.7998896,3248.5,4,Gregarious,172.43,42.605,2.51,3.14,30.25,1,0,0,0,0,1.37013254,39.33394446,0,0,0,0,0,0,0,0,0,0,0,0,0,0,0,0,1,0,0
142,Leporidae,Lepus,europaeus,Y,3673.33,675,610,4380,4,Gregarious,210.95,42,2.44,3.75,28.805,1,0,0,0,0,1,13.825,0,1,0,0,0,0,0,0,1,0,1,0,1,0,0,0,1,0,0
143,Delphinidae,Lissodelphis,peronii,N,1.00E+05,2400,1202.638265,11775.66866,2,Gregarious,307.444,365.25,1.324757084,0.642318612,265.4139014,0,0,1,0,0,3,778.537,0,0,1,0,1,0,0,0,0,0,0,0,0,0,0,0,0,1,0
144,Phocidae,Lobodon,carcinophaga,N,238333.33,2417.865,1140.314541,14235,4,Gregarious,1522.5,269.81,1,0.945,28,0,0,0,1,0,3,607.355,0,0,1,0,1,0,0,0,0,0,1,0,0,0,0,0,0,1,0
145,Megadermatidae,Macroderma,gigas,N,139,115.82,115.82,8249,4,Gregarious,365.25,91.32,1,1,91.32,1,1,0,1,0,3,1.7,1,1,0,0,0,1,0,0,0,0,0,0,1,0,0,0,1,0,0
146,Pteropodidae,Macroglossus,minimus,N,16.1,68.09,68.09,2670.583,4,Solitary,87.77,125.14,0.99,3,65,1,0,0,0,0,1,0.607,1,1,0,0,0,1,0,0,0,0,0,0,1,0,0,1,0,0,0
147,Macropodidae,Macropus,fuliginosus,N,26907.35,2585,1585,8471.042,4,Gregarious,708.84,30.4,1,1,529.335,1,0,0,0,0,1,58,0,1,0,0,0,0,0,0,0,0,1,1,1,1,0,0,1,0,0
148,Macropodidae,Macropus,giganteus,N,41454.945,2397,1138.08,9125,4,Gregarious,704.86,36.28,1,1,414.91,1,0,0,0,0,1,69.8,0,1,0,0,0,0,0,0,0,0,1,1,1,1,0,0,1,0,0
149,Thylacomyidae,Macrotis,lagotis,N,1269.75,840,462.5,3650,4,Gregarious,177.68,15.8,1.75,4,101.865,1,0,0,1,0,1,6.807,0,1,0,0,0,0,1,0,0,0,1,0,1,0,0,0,1,0,0
150,Thylacomyidae,Macrotis,leucura,N,359.085,440,270,4003.00699,4,Gregarious,340.3734067,21,2,1.407658647,86.5,1,1,0,0,0,1.580877778,5.505715796,0,1,0,0,0,0,0,0,1,0,0,0,1,0,0,0,1,0,0
151,Muridae,Mastacomys,fuscus,N,136.86,277,161,2356.483316,4,Gregarious,201.2603018,37.209,1.595,2,41.401,1,0,0,0,0,1,1.669,0,1,0,0,0,0,0,0,0,0,1,0,1,0,0,0,1,0,0
152,Balaenopteridae,Megaptera,novaeangliae,N,4.50E+07,18000,1233.074595,34675,2,Solitary,1310.35,348.837,1,0.5,290.329,0,0,0,1,0,3,6439,0,0,1,0,1,0,0,0,0,0,0,0,0,0,0,0,0,1,0
153,Muridae,Melomys,burtoni,N,62,325,152.5,1782.486939,4,Gregarious,145.4129985,32.31550492,2.5,2.588236583,21.413,1,0,0,1,0,2,1.124,0,1,0,0,0,1,0,0,0,0,1,0,0,0,0,0,1,0,0
154,Muridae,Melomys,capensis,N,70.6,292,144,1878.996197,4,Gregarious,172.315,37.698,2.2,1.3,35.67,1,0,0,0,0,1,1.32,0,1,0,0,0,1,0,0,0,0,1,0,1,0,0,0,1,0,0
155,Muridae,Melomys,cervinipes,N,82.6,261,124,1926.807139,4,Gregarious,149.23,37.698,2.35,1.3,35.67,1,0,0,0,0,1,1.31,0,1,0,0,0,1,0,0,0,0,1,0,0,0,0,0,1,0,0
156,Muridae,Melomys,fraterculus,N,47.8,180,170.1992934,2697.431211,4,Gregarious,171.6625909,37.92395342,2.573954135,1.93505052,31.80112262,1,0,0,0,0,1.244594444,25.94486669,0,0,0,0,0,0,0,0,0,0,0,0,0,0,0,0,1,0,0
157,Muridae,Melomys,spechti,N,90.62571596,217.3261743,189.4834648,2709.531435,4,Gregarious,146.5715903,36.72604815,2.578035679,2.155659044,28.98698104,1,0,0,1,0,1.859039683,26.10855982,0,0,0,0,0,0,0,0,0,0,0,0,0,0,0,0,1,0,0
158,Muridae,Mesembriomys,gouldii,N,900,649,284.5,2853.083,4,Gregarious,51.02,44.03,1.96,4,47.48,1,0,0,1,0,2,4.59,0,1,0,0,0,1,0,0,0,0,1,0,1,0,0,1,0,0,0
159,Muridae,Mesembriomys,macrurus,N,267,535,220,2591.5,4,Gregarious,280,47.892,2,1.828415349,49.805,1,0,0,1,0,2,3.408,0,1,0,0,0,1,0,0,0,0,1,0,1,0,0,1,0,0,0
160,Ziphiidae,Mesoplodon,bowdoini,N,2564085.061,5396.8,1245.02672,21791.13769,2,Gregarious,3334.987117,365.256,1,0.391549865,333.924427,0,0,1,0,0,2.993853175,3127.160393,0,0,1,0,1,0,0,0,0,0,0,0,0,0,0,0,0,1,0
161,Ziphiidae,Mesoplodon,densirostris,N,1070000,4740,1261.986989,9855,2,Gregarious,3788.23,319.6994837,1,0.404011179,365,0,0,1,0,0,3,1463,0,0,1,0,1,0,0,0,0,0,0,0,0,0,0,0,0,1,0
162,Ziphiidae,Mesoplodon,eueu,N,6135956.672,8033.908202,1268.173174,20171.57483,2,Gregarious,1325.386496,270.3412156,0.996478123,0.740857535,231.3120307,0,0,0,0,0,2.705325397,2942.601396,0,0,0,0,0,0,0,0,0,0,0,0,0,0,0,0,0,1,0
163,Ziphiidae,Mesoplodon,ginkgodens,N,1808840.352,5040,1245.819313,17125.45916,2,Gregarious,3332.080291,345.4680428,0.997330722,0.435829254,320.5524654,0,0,1,0,0,2.999416667,2180.966125,0,0,1,0,1,0,0,0,0,0,0,0,0,0,0,0,0,1,0
164,Ziphiidae,Mesoplodon,grayi,N,1500000,5700,1245.819313,15722.9422,2,Gregarious,3104.797017,327.5948256,1,0.43513821,342.7102868,0,0,1,0,0,3,1294.857,0,0,1,0,1,0,0,0,0,0,0,0,0,0,0,0,0,1,0
165,Ziphiidae,Mesoplodon,hectori,N,685000,4300,1211.160761,10950,2,Gregarious,2965.783403,318.7778329,1,0.435667148,343.9955249,0,0,1,0,0,2.998361111,1703.65891,0,0,1,0,1,0,0,0,0,0,0,0,0,0,0,0,0,1,0
166,Ziphiidae,Mesoplodon,layardii,N,1500000,6250,1248.521763,15942.44005,2,Gregarious,3026.443292,319.62,1,0.466871474,327.6821788,0,0,1,1,0,3,1263.568,0,0,1,0,1,0,0,0,0,0,0,0,0,0,0,0,0,1,0
167,Molossidae,Micronomus,norfolkensis,N,26,100,55,4120.494724,4,Gregarious,429.8242469,140.8860856,1.049353972,1.086209901,71.13620367,0,0,0,1,0,2.9795,2.943811596,1,1,0,0,0,1,0,0,0,0,0,0,0,0,1,0,0,0,0
168,Miniopteridae,Miniopterus,australis,N,7.4,95,50,2007.5,4,Gregarious,413.84,180,0.995,1,50.20009862,0,0,0,1,0,3,0.204,1,1,0,0,0,1,0,0,0,0,0,0,1,0,1,0,0,0,0
169,Miniopteridae,Miniopterus,orianae,N,16,106,54,8030,4,Gregarious,730,152.4205826,1,1.092709083,56,0,0,0,1,0,2.973123016,10.87538993,1,1,0,0,0,1,0,0,0,0,0,0,1,0,1,0,0,0,0
170,Phocidae,Mirounga,leonina,N,1400000,6337.015,1198.150821,8395,4,Gregarious,1607.08,237.778,1,0.98,22.93,0,0,1,0,0,3,1248.38,0,0,1,0,1,0,0,0,0,0,1,0,0,0,0,0,0,1,0
171,Molossidae,Mormopterus,beccarii,N,14.3,105.0597669,69.80694474,4198.797101,4,Gregarious,437.7813641,140.0621918,1.073083604,1.08185769,73.95742554,0,0,0,1,0,2.9775,3.166086962,1,1,0,0,0,1,0,0,0,0,0,0,0,1,1,0,0,0,0
172,Vespertilionidae,Murina,florium,N,4.41,94,57,3059.586384,4,Gregarious,390.4666611,141.8517096,1.133637583,1.117036036,57.37661757,1,0,0,1,0,3,0.249,1,1,0,0,0,1,0,0,0,0,0,0,0,0,1,0,0,0,0
173,Muridae,Mus,musculus,Y,20.5,220,95,2190,4,Gregarious,64.71,19.6,6.07,4.57,21.914,1,1,0,1,0,1.906339683,9.89011289,0,1,0,0,0,0,1,0,0,0,1,0,1,0,0,0,1,0,0
174,Mustelidae,Mustela,erminea,Y,110.33,270.325,357.4188191,4562.5,4,Gregarious,93.09,43.262,6.755,1,45.35,0,1,0,1,0,2.017965873,60.09710784,0,0,0,0,0,0,0,0,0,0,0,0,0,0,0,0,1,0,0
175,Mustelidae,Mustela,furo,Y,21667.20082,1494.384294,875.1497994,8553.643927,4,Gregarious,447.0598294,115.5252235,3.898478333,1.234828282,111.3936226,0,1,0,1,1,1.855406349,121.6639586,0,0,0,0,0,0,0,0,0,0,0,0,0,0,0,0,1,0,0
176,Mustelidae,Mustela,nivalis,Y,49.75,260,308.6819407,3650,4,Gregarious,169.99,36.49,5.085,1.5,40.653,0,1,0,1,0,1.921166667,58.52020883,0,0,0,0,0,0,0,0,0,0,0,0,0,0,0,0,1,0,0
177,Vespertilionidae,Myotis,australis,N,5.3,50,155.0198429,8760,4,Gregarious,410.5,108.2945668,1,1,70.02572069,0,0,0,1,0,2.99157619,35.76520964,0,0,0,0,0,0,0,0,0,0,0,0,0,0,1,0,0,0,0
178,Vespertilionidae,Myotis,macropus,N,10.41,92,54,1095,4,Gregarious,231.09,110.5989874,1,2.5,56.28,0,0,1,1,0,3,0.35,1,1,0,0,0,1,0,0,0,0,0,0,0,0,1,0,0,0,0
179,Myrmecobiidae,Myrmecobius,fasciatus,N,471.5,426,252.5,4036.292,4,Solitary,540.31,14,4,1.05,271.595,0,0,0,1,0,3,4.403,0,1,0,0,0,0,1,0,0,0,1,1,0,0,0,0,1,0,0
180,Otariidae,Neophoca,cinerea,N,189274.99,2149.065,1149.182004,8796.5,4,Gregarious,1587.55,311.781,1,0.69,558.87,0,0,1,1,0,2,402.745,0,0,1,0,1,0,0,0,0,0,1,1,0,0,0,0,0,1,0
181,Pteropodidae,Neopteryx,frosti,N,176.65,105,219.1396282,5623.538589,4,Gregarious,457.7798654,106.2014814,0.98,1.094594381,92.08149491,0,0,0,1,0,2.931739683,23.26046901,0,0,0,0,0,0,0,0,0,0,0,0,0,0,0,0,0,0,0
182,Dasyuridae,Ningaui,ridei,N,11.5,149,77,1245.282545,4,Solitary,315.5691925,18.53207011,6.5,1,78.67579939,0,1,0,1,0,2,0.24,0,1,0,0,0,0,0,0,0,0,1,0,1,0,0,0,1,0,0
183,Dasyuridae,Ningaui,timealeyi,N,11.55,171,57,730,4,Solitary,243.52,18.90652851,7,2,77.94740695,0,0,0,1,0,2,0.377,0,1,0,0,0,0,0,0,0,0,1,0,1,0,0,0,1,0,0
184,Dasyuridae,Ningaui,yvonneae,N,9.21,134,57,818.208,4,Solitary,328.8,14,5.99,2,80.37,0,0,0,1,0,3,0.269,0,1,0,0,0,1,0,0,0,0,1,0,1,0,0,0,1,0,0
185,Macropodidae,Notamacropus,agilis,N,19000,1570,800,5841.86232,4,Gregarious,365,30,1,1.369705052,365,1,0,0,0,0,1,33.3,0,1,0,0,0,0,0,0,0,0,1,0,1,0,0,0,1,0,0
186,Macropodidae,Notamacropus,dorsalis,N,14000,1428,730,5474.429514,4,Gregarious,378,34,1,1.355272837,384,1,0,0,0,0,1,29.2,0,1,0,0,0,0,0,0,0,0,1,0,1,0,0,0,1,0,0
187,Macropodidae,Notamacropus,eugenii,N,7500,1054,643,5131.774382,4,Solitary,252,40,1,1,252,1,0,0,0,0,1,24.553,0,1,0,0,0,0,0,0,0,0,1,0,1,0,0,0,1,0,0
188,Macropodidae,Notamacropus,greyi,N,15494.77278,1540,810,5322.295731,4,Gregarious,503.6373882,35.45048476,1.018085697,1.324910028,352.2590649,1,0,0,0,0,1.101490476,37.86007459,0,1,0,0,0,0,0,0,1,0,0,0,0,0,0,0,1,0,0
189,Macropodidae,Notamacropus,irma,N,8000,1920,1200,5911.699301,4,Solitary,566.5499792,40.6013351,1.012444586,1.256378143,322.3228398,1,0,0,0,0,1,24.7,0,1,0,0,0,0,0,0,0,0,1,1,1,1,0,0,1,0,0
190,Macropodidae,Notamacropus,parma,N,4500,1072,528,3995.691736,4,Gregarious,365,35,1,1.553197937,308,1,0,0,0,0,1,17.4,0,1,0,0,0,0,0,0,0,0,1,0,1,0,0,0,1,0,0
191,Macropodidae,Notamacropus,parryi,N,13500,1786,845,6755.198983,4,Gregarious,672,38,1,1.253704857,215,1,0,0,0,0,1,42.787,0,1,0,0,0,0,0,0,0,0,1,1,1,1,0,0,1,0,0
192,Macropodidae,Notamacropus,rufogriseus,N,16200,1620,823,3650,4,Gregarious,557.7356709,30,1,1.238956341,378,1,0,0,0,0,1,37.41,0,1,0,0,0,0,0,0,0,0,1,1,1,1,0,0,1,0,0
193,Muridae,Notomys,alexis,N,33.67,239,102,2339.042,4,Gregarious,76.7,35,3.9,3.73,30,1,0,0,1,0,2,0.96,0,1,0,0,0,0,1,0,0,1,0,0,1,0,0,0,1,0,0
194,Muridae,Notomys,amplus,N,89.99,303,145.05,2245.219101,4,Gregarious,145.6010424,36.34822792,3.040613266,2.691452298,33.13809757,1,0,0,1,0,1.817764286,1.649512446,0,1,0,0,0,0,0,0,0,0,0,0,0,0,0,0,1,0,0
195,Muridae,Notomys,aquilo,N,38.995,301,112,1548.208,4,Gregarious,133.9278006,53.263,3,2.687406964,33.52573635,1,0,0,0,0,1,1.022,0,1,0,0,0,0,1,0,0,1,0,0,0,0,0,0,1,0,0
196,Muridae,Notomys,cervinus,N,34.2,260,110,1664.314429,4,Gregarious,183.07,42.075,2.89,2.390580135,32.898,1,0,0,1,0,2,1.03,0,1,0,0,0,0,1,0,0,1,0,0,1,0,0,0,1,0,0
197,Muridae,Notomys,fuscus,N,37.14,235,96,1061.542,4,Gregarious,81.36,34.844,2.985,3.3,30.218,1,1,0,1,0,1,1.251,0,1,0,0,0,0,1,0,0,1,0,0,1,0,0,0,1,0,0
198,Muridae,Notomys,longicaudatus,N,100,368,157.595,2357.658613,4,Gregarious,145.5071894,38.02758099,3.18835373,2.833129841,33.55582424,1,0,0,1,0,1.751753968,1.87848702,0,1,0,0,0,0,1,0,0,1,0,0,0,0,0,0,1,0,0
199,Muridae,Notomys,macrotis,N,89.99,254,118,2206.160766,4,Gregarious,144.5631693,35.66542854,3.064796369,2.576422849,33.51665993,1,0,0,1,0,1.821933333,1.486424879,0,1,0,0,0,0,0,0,0,0,0,0,0,0,0,0,1,0,0
200,Muridae,Notomys,mitchellii,N,52,265,115,1934.5,4,Gregarious,78.91,36.828,3.28,3.53,30.2,1,0,0,0,0,2,0.97,0,1,0,0,0,0,1,0,0,1,0,0,0,0,0,0,1,0,0
201,Muridae,Notomys,mordax,N,89.99,239.1229747,186.5357987,2740.23339,4,Gregarious,124.5517656,37.4117517,2.986671243,2.60413181,29.41962049,1,0,0,1,0,1.745566667,26.0294328,0,0,0,0,0,0,0,0,0,0,0,0,0,0,0,0,1,0,0
202,Muridae,Notomys,robustus,N,50,231.5399491,167.9537382,2627.800322,4,Gregarious,120.8881796,37.3936409,3.074656104,2.606980004,29.88349632,1,0,0,1,0,1.765333333,25.83740617,0,0,0,0,0,0,0,0,0,0,0,0,0,0,0,0,1,0,0
203,Notoryctidae,Notoryctes,caurinus,N,34,111,93,2635.828104,4,Solitary,358.6630087,32.45740834,1.5,1.35526556,90.77275295,0,0,0,1,0,2,0.808,0,1,0,0,0,0,1,0,0,0,1,0,0,0,0,0,1,0,0
204,Notoryctidae,Notoryctes,typhlops,N,55,139,115,547.5,4,Solitary,343.5922648,30.26769555,1.5,1.349440675,102.6515545,0,0,0,1,0,3,6.14,0,1,0,0,0,0,1,0,0,0,1,0,0,0,0,0,1,0,0
205,Pteropodidae,Nyctimene,robinsoni,N,48.83,135,110,4191.739389,4,Solitary,565.753968,98.93,0.995,1,121.76,1,0,0,0,0,1,1.231,1,1,0,0,0,1,0,0,0,0,0,0,1,0,0,1,0,0,0
206,Vespertilionidae,Nyctophilus,arnhemensis,N,6.83,82,44,1514.249223,4,Gregarious,350.6677105,60.23094511,2,1.131468294,48.06197256,0,0,0,1,0,3,0.856,1,1,0,0,0,1,0,0,0,0,0,0,0,0,1,0,0,0,0
207,Vespertilionidae,Nyctophilus,bifax,N,10.605,101,55,365,4,Gregarious,326.81,22.94,2,1.153782004,44.34,0,0,0,1,0,3,0.885,1,1,0,0,0,1,0,0,0,0,0,0,1,0,1,0,0,0,0
208,Vespertilionidae,Nyctophilus,corbeni,N,16.5,129,75,1906.212627,4,Gregarious,345.2521287,73.61043425,2,1.086503575,53.81105499,0,0,0,1,0,3,0.283,1,1,0,0,0,1,0,0,0,0,0,0,0,0,1,0,0,0,0
209,Vespertilionidae,Nyctophilus,daedalus,N,10.605,102,57,365,4,Gregarious,326.81,22.94,2,1.160230099,44.34,0,0,0,1,0,3,0.885,1,1,0,0,0,1,0,0,0,0,0,0,0,0,1,0,0,0,0
210,Vespertilionidae,Nyctophilus,geoffroyi,N,8,50,50,2156.542,4,Gregarious,365,62.1948588,2,1.142084687,47.1551418,0,0,0,1,0,3,0.167,1,1,0,0,0,1,0,0,0,0,0,0,1,0,1,0,0,0,0
211,Vespertilionidae,Nyctophilus,gouldi,N,11.32,106,58,365,4,Gregarious,326.81,22.94,1.77,1.155952004,44.34,0,0,0,1,0,3,0.892,1,1,0,0,0,1,0,0,0,0,0,0,1,0,1,0,0,0,0
212,Vespertilionidae,Nyctophilus,holtorum,N,37.0620718,827.3806076,587.93645,6020.153757,4,Gregarious,416.2849299,94.3561283,1.83371996,1.171775333,133.935977,0,0,0,1,0,2.947733333,66.6400194,0,0,0,0,0,0,0,0,0,0,0,0,0,0,1,0,0,0,0
213,Vespertilionidae,Nyctophilus,major,N,14.4,114,65,1327.955168,4,Gregarious,352.0297092,70.15452615,1.579253214,1.094952099,46.1478484,0,0,0,1,0,3,0.283,1,1,0,0,0,1,0,0,0,0,0,0,1,0,1,0,0,0,0
214,Vespertilionidae,Nyctophilus,sherrini,N,15.5,91,54,2056.244125,4,Gregarious,370.876558,100.8620624,1,1.058109885,52.5354567,0,0,0,1,0,3,0.283,1,1,0,0,0,1,0,0,0,0,0,0,1,0,1,0,0,0,0
215,Vespertilionidae,Nyctophilus,walkeri,N,4.44,74,41,1565.110294,4,Gregarious,350.6702573,60.53720453,1.761418131,1.139645357,48.03194381,0,0,0,1,0,3,0.834,1,1,0,0,0,1,0,0,0,0,0,0,1,0,1,0,0,0,0
216,Cervidae,Odocoileus,virginianus,Y,65320,1664.516826,1806.845,8395,4,Gregarious,365,201.39,1.71,1,129,1,0,0,0,0,1.089051587,180.1177576,0,0,0,1,0,0,0,0,0,0,1,0,0,0,0,0,1,0,0
217,Phocidae,Ommatophoca,rossii,N,197959.395,2070.92,1159.698997,7665,4,Gregarious,1489.84,334.84,0.98,1.05,28,0,1,0,0,0,3,512.82,0,0,1,0,1,0,0,0,0,0,1,0,0,0,0,0,0,1,0
218,Macropodidae,Onychogalea,frenata,N,7000,1110,620,2007.5,4,Solitary,126,23.6,1,2.244396361,126,1,0,0,0,0,1,14.85,0,1,0,0,0,0,0,0,0,0,1,0,1,0,0,0,1,0,0
219,Macropodidae,Onychogalea,lunata,N,3499.99,838,508,182.5,4,Solitary,409.9872641,31.54038491,1,1.598513567,277.5971472,1,0,0,0,0,1.19276746,17.31157569,0,1,0,0,0,0,0,0,1,0,0,0,0,0,0,0,1,0,0
220,Macropodidae,Onychogalea,unguifera,N,5800,1223,584.5,2007.5,4,Solitary,329,24,1,1.557298242,301,1,0,0,0,0,1,16.7,0,1,0,0,0,0,0,0,0,0,1,0,1,0,0,0,1,0,0
221,Delphinidae,Orcaella,heinsohni,N,130000,2625,1170.532375,10950,2,Gregarious,1826,426,1,0.2,471.379,0,0,1,0,0,3,961.584,0,0,1,0,1,0,0,0,0,0,0,0,0,0,0,0,0,1,0
222,Delphinidae,Orcinus,orca,N,7.00E+06,9226.32,1247.089647,36500,2,Gregarious,4989.76,454.721,1,0.21,443.38,0,1,1,0,0,3,5725.75,0,0,1,0,1,0,0,0,0,0,0,0,0,0,0,0,0,1,0
223,Ornithorhynchidae,Ornithorhynchus,anatinus,N,1225,419.18,454.0777636,8249,4,Solitary,742.46,14.74,2,1.1,113.485,0,0,0,1,0,3,26.419,1,0,0,0,1,0,0,0,0,0,1,0,0,0,0,0,1,0,0
224,Leporidae,Oryctolagus,cuniculus,Y,1900,388.5,388.5,6570,4,Gregarious,185.61,30.596,5.24,4.415,26.15,1,0,0,0,0,1,10.386,0,1,0,0,0,0,1,0,0,1,0,0,0,0,0,0,1,0,0
225,Macropodidae,Osphranter,antilopinus,N,37750,1954,1067.5,7753.246382,4,Gregarious,576.7548399,34,1,1.217259738,333.4184568,1,0,0,0,0,1,58.845,0,1,0,0,0,0,0,0,0,0,1,0,1,1,0,0,1,0,0
226,Macropodidae,Osphranter,bernardus,N,17000,1292,683,6341.158207,4,Gregarious,486.8861151,34.25361307,1.004270776,1.286642008,329.2319993,1,0,0,0,0,1,38.86,0,1,0,0,0,0,0,0,0,0,1,0,1,0,0,0,1,0,0
227,Macropodidae,Osphranter,robustus,N,44000,1783,958,7732.405918,4,Gregarious,572.5157471,33,1,1.228175147,224,1,0,0,0,0,1,61.124,0,1,0,0,0,0,0,0,0,0,1,1,1,1,0,0,1,0,0
228,Macropodidae,Osphranter,rufus,N,65000,2030,1150,7961.48433,4,Gregarious,610.1232802,72.57425283,1,1.1,337.6111601,1,0,0,0,0,1,64.646,0,1,0,0,0,0,0,0,0,0,1,1,1,1,0,0,1,0,0
229,Molossidae,Otomops,formosus,N,30.39,125,110,4254.810253,4,Gregarious,449.5789222,139.7438768,1.045414817,1.099017341,90.00303566,0,0,0,1,0,2.975277778,2.916835465,1,1,0,0,0,1,0,0,0,0,0,0,0,0,1,0,0,0,0
230,Bovidae,Ovis,aries,Y,68000,1679.018706,1468.13111,8826.752184,4,Gregarious,562.1987761,238.9086785,1.145214848,1.031671369,148.4109606,1,0,0,0,0,1.077685714,186.2535572,0,0,0,1,0,0,0,0,0,0,1,1,0,0,0,0,1,0,0
231,Molossidae,Ozimops,cobourgianus,N,7.9,83.5,50.5,5056.797628,4,Gregarious,502.7597422,156.8501065,1,1.066785778,77.92770977,0,0,0,1,0,2.976833333,17.55890895,1,1,0,0,0,1,0,0,0,0,0,0,1,0,1,0,0,0,0
232,Molossidae,Ozimops,halli,N,5.4,81,53,4145.996955,4,Gregarious,439.164927,141.6742297,1.046793984,1.08500256,71.0998238,0,0,0,1,0,2.9795,3.834585954,1,1,0,0,0,1,0,0,0,0,0,0,0,0,1,0,0,0,0
233,Molossidae,Ozimops,kitcheneri,N,9,90,58,4271.166881,4,Gregarious,454.9094092,134.6606319,1,1.061654107,74.97565808,0,0,0,1,0,2.9795,5.436567404,1,1,0,0,0,1,0,0,0,0,0,0,0,0,1,0,0,0,0
234,Molossidae,Ozimops,lumsdenae,N,14,99,64,4318.211591,4,Gregarious,455.433077,133.5245312,1,1.057554107,75.58966005,0,0,0,1,0,2.9795,3.721980129,1,1,0,0,0,1,0,0,0,0,0,0,0,0,1,0,0,0,0
235,Molossidae,Ozimops,petersi,N,10,90,57,5263.389503,4,Gregarious,505.4305685,155.6697622,1,1.073402742,77.77594274,0,0,0,1,0,3,112.634,1,1,0,0,0,1,0,0,0,0,0,0,0,0,1,0,0,0,0
236,Molossidae,Ozimops,planiceps,N,9,89,56,4322.074912,4,Gregarious,452.2941797,134.8847082,1,1.059504504,74.98708436,0,0,0,1,0,2.9795,5.268711644,1,1,0,0,0,1,0,0,0,0,0,0,1,0,1,0,0,0,0
237,Molossidae,Ozimops,ridei,N,9,85,55,5025.942238,4,Gregarious,504.5260149,156.1379836,1,1.073497583,77.80510399,0,0,0,1,0,2.976833333,18.06166379,1,1,0,0,0,1,0,0,0,0,0,0,0,0,1,0,0,0,0
238,Dasyuridae,Parantechinus,apicalis,N,70.655,260,143.75,2007.5,4,Solitary,340.6,48.25,7.75,1,117.35,0,0,0,1,0,3,1.243,0,1,0,0,0,0,0,0,0,0,1,0,0,0,0,1,0,0,0
239,Muridae,Paulamys,naso,N,122,249.4842377,223.1136432,2820.08913,4,Gregarious,121.8173206,32.8126588,2.905734656,2.794951417,27.74660974,1,0,0,1,0,1.935811111,26.6270397,0,0,0,0,0,0,0,0,0,0,0,0,0,0,0,0,1,0,0
240,Delphinidae,Peponocephala,electra,N,206000,2800,1191.341563,17155,2,Gregarious,3458.66,365.116,1,0.360430433,507.0467607,0,0,1,0,0,3,1643.267,0,0,1,0,1,0,0,0,0,0,0,0,0,0,0,0,0,1,0
241,Peramelidae,Perameles,bougainville,N,226,292,202,2117,4,Gregarious,136.05,12,1.8,4,62,1,0,0,1,0,2,3.326,0,1,0,0,0,0,0,0,0,0,1,0,1,0,0,0,1,0,0
242,Peramelidae,Perameles,eremiana,N,499.99,410,275,3459.47888,4,Solitary,323.3184064,17.05344074,2,2.157120067,92.29436595,0,0,0,1,0,2.678396032,4.92829826,0,1,0,0,0,0,0,0,1,0,0,0,1,0,0,0,1,0,0
243,Peramelidae,Perameles,fasciata,N,585,405,320,3641.058563,4,Solitary,427.7970619,17.93866288,3.106477287,1.468016714,108.69429,1,0,0,1,0,2.025854762,4.908758948,0,1,0,0,0,0,0,0,0,0,0,0,0,0,0,0,1,0,0
244,Peramelidae,Perameles,gunnii,N,801.5,404,323.35,2226.5,4,Solitary,107.64,12.25,2.155,3.8,59.995,1,0,0,1,0,2,4.662,0,1,0,0,0,0,0,0,0,0,1,0,1,0,0,0,1,0,0
245,Peramelidae,Perameles,myosuros,N,605,320,228,3524.677321,4,Solitary,428.4033347,18.09545993,4,1.452454052,107.2442789,1,0,0,1,0,2.028894444,4.533281548,0,1,0,0,0,0,0,0,0,0,0,0,0,0,0,0,1,0,0
246,Peramelidae,Perameles,nasuta,N,720.26,610,425,2044,4,Solitary,139.04,12.12,2.565,2.92,66.495,1,1,0,1,0,2,5.139,0,1,0,0,0,0,0,0,0,0,1,0,1,0,0,0,1,0,0
247,Peramelidae,Perameles,notina,N,850,343,253,3810.505198,4,Solitary,434.6258175,17.09399759,4,1.43239256,106.9671919,1,0,0,1,0,2.027440476,4.875995978,0,1,0,0,0,0,0,0,0,0,1,0,1,0,0,0,1,0,0
248,Peramelidae,Perameles,pallescens,N,1050,560,410,4212.622643,4,Solitary,1095,14,4,1.375026976,147.5584772,1,0,0,1,0,1.98765,11.39685387,0,1,0,0,0,0,0,0,0,0,1,0,1,0,0,0,1,0,0
249,Peramelidae,Perameles,papillon,N,407,284,208,3567.287504,4,Solitary,446.2805063,17.31177659,3,1.347976071,127.0797315,0,0,0,1,0,2.674865079,4.419629552,0,1,0,0,0,0,0,0,0,0,1,0,1,1,0,0,1,0,0
250,Pseudocheiridae,Petauroides,volans,N,1141,1060,440,5475,4,Solitary,733.29,21.0439479,1,1,228.355,1,0,0,0,0,1,4.859,0,1,0,0,0,1,0,1,0,0,0,0,1,0,0,1,0,0,0
251,Petauridae,Petaurus,ariel,N,95,355,165,4543.261941,4,Solitary,443.4021961,19.60997333,2,1.388108512,138.1530285,1,1,0,1,0,1.88065873,3.564599231,0,1,0,0,0,1,0,1,0,0,0,0,1,0,0,1,0,0,0
252,Petauridae,Petaurus,australis,N,572.5,700,302.5,5840,4,Gregarious,822,20.85513913,1,1,150.035,1,0,0,0,0,2,5.71,0,1,0,0,0,1,0,1,0,0,0,0,1,0,0,1,0,0,0
253,Petauridae,Petaurus,breviceps,N,127.55,350,170.755,6497,4,Gregarious,320.03,16.34,2,1.3,120.325,1,0,0,1,0,2,2.09,0,1,0,0,0,1,0,1,0,0,0,0,1,0,0,1,0,0,0
254,Petauridae,Petaurus,gracilis,N,310,624,245,5405.042,4,Gregarious,456.6,20,1.595,1.28,122,1,0,0,1,0,1,5.146,0,1,0,0,0,1,0,1,0,0,0,0,1,0,0,1,0,0,0
255,Petauridae,Petaurus,norfolcensis,N,272.5,480,210,5405.042,4,Gregarious,336,20,1.57,1.56,122,1,0,0,1,0,2,3.02,0,1,0,0,0,1,0,1,0,0,0,0,1,0,0,1,0,0,0
256,Petauridae,Petaurus,notatus,N,112,356,161,4447.801678,4,Solitary,446.6291344,19.49024243,1.919571102,1.40512404,140.3323317,1,1,0,1,0,1.885557937,3.584005437,0,1,0,0,0,1,0,1,0,0,0,0,1,0,0,1,0,0,0
257,Macropodidae,Petrogale,assimilis,N,4618.88,1008,503,4745,4,Gregarious,595.25,30.99,1,1.49,294.19,1,0,0,1,0,1,18.13,0,1,0,0,0,0,0,0,0,0,1,0,1,0,0,0,1,0,0
258,Macropodidae,Petrogale,brachyotis,N,4000,965,488,3686.5,4,Gregarious,565,30,1,1.524559532,210,1,0,0,0,0,1,15.75,0,1,0,0,0,0,0,0,1,0,0,0,1,1,0,0,1,0,0
259,Macropodidae,Petrogale,burbidgei,N,1258,598,353,4673.683073,4,Gregarious,512.7293206,30.56945051,1,1.512630992,195.3725468,1,0,0,0,0,1,12.259,0,1,0,0,0,0,0,0,0,0,1,0,1,0,0,0,1,0,0
260,Macropodidae,Petrogale,coenensis,N,4375,1029,533,3931.001114,4,Gregarious,548.7150524,33.29536376,1.018120091,1.504213444,298.0938983,1,0,0,0,0,1,18.466,0,1,0,0,0,0,0,0,1,0,0,0,1,1,0,0,1,0,0
261,Macropodidae,Petrogale,concinna,N,1324.1,616,350,6205,4,Solitary,498.88,30.73,1,1,183.075,1,0,0,0,0,1,11.396,0,1,0,0,0,0,0,0,0,0,1,1,1,1,0,0,1,0,0
262,Macropodidae,Petrogale,godmani,N,4750,1075,522,3849.745579,4,Gregarious,592.662694,32.71806728,1.025080996,1.527724496,305.0063194,1,0,0,0,0,2,18,0,1,0,0,0,0,0,0,1,0,0,1,1,1,0,0,1,0,0
263,Macropodidae,Petrogale,herberti,N,6465.8,1132,562,5256,4,Gregarious,573.442,30.495,1,1.48,281.5,1,0,0,0,0,1,21.963,0,1,0,0,0,0,0,0,0,0,1,0,0,0,0,0,1,0,0
264,Macropodidae,Petrogale,inornata,N,4555.52,1077,534,2548.917,4,Gregarious,612.26,30.99,1,1.7,286.18,1,0,0,0,0,2,17,0,1,0,0,0,0,0,0,0,0,1,0,1,0,0,0,1,0,0
265,Macropodidae,Petrogale,lateralis,N,5283.94,1063,512,5256,4,Gregarious,565,30,1,1.48,281.5,1,0,0,0,0,1,19.2,0,1,0,0,0,0,0,0,0,0,1,0,1,0,0,0,1,0,0
266,Macropodidae,Petrogale,mareeba,N,4150,1001,502,3514.629605,4,Gregarious,514.0865829,32.76381221,1.107064489,1.592515119,259.4249237,1,0,0,0,0,2,17.612,0,1,0,0,0,0,0,0,1,0,0,0,0,0,0,0,1,0,0
267,Macropodidae,Petrogale,penicillata,N,6465.8,1153,556,5256,4,Gregarious,573.77,30.495,1,1.48,281.5,1,0,0,0,0,1,24.76,0,1,0,0,0,0,0,0,0,0,1,1,1,1,0,0,1,0,0
268,Macropodidae,Petrogale,persephone,N,5585.63,1200,581,3650,4,Gregarious,774.4,32,1,1.46,329.06,1,0,0,0,0,1,22.274,0,1,0,0,0,0,0,0,0,0,1,1,1,1,0,0,1,0,0
269,Macropodidae,Petrogale,purpureicollis,N,5283.94,1066,532,5256,4,Gregarious,565,30,1,1.48,281.5,1,0,0,0,0,1,20.117,0,1,0,0,0,0,0,0,0,0,1,0,1,0,0,0,1,0,0
270,Macropodidae,Petrogale,rothschildi,N,4546.31,1195,559,3854.828248,4,Gregarious,551.0526446,33.76401032,1.014181484,1.482002595,313.3557248,1,0,0,0,0,1,18.258,0,1,0,0,0,0,0,0,1,0,0,0,1,1,0,0,1,0,0
271,Macropodidae,Petrogale,sharmani,N,4250,979,489,3597.251005,4,Gregarious,558.4413617,32.5343719,1.050877778,1.562741956,277.5609359,1,0,0,0,0,2,18.06,0,1,0,0,0,0,0,0,1,0,0,0,0,0,0,0,1,0,0
272,Macropodidae,Petrogale,wilkinsi,N,3200,865,455,4407.183361,4,Gregarious,506.7262359,32.53608643,1.008385467,1.418007171,258.1940208,1,0,0,0,0,1.066362698,17.66647849,0,1,0,0,0,0,0,0,0,0,1,0,1,1,0,0,1,0,0
273,Macropodidae,Petrogale,xanthopus,N,7249.995,1290,600,5256,4,Solitary,581.78,32.08,1.06,1.5,343.025,1,0,0,0,0,1,23,0,1,0,0,0,0,0,0,0,0,1,0,1,0,0,0,1,0,0
274,Pseudocheiridae,Petropseudes,dahlii,N,2000,595,375,4619.088971,4,Gregarious,545.9932791,20.26183186,1.344994843,1.243104127,181.2817771,1,0,0,0,0,1,5.211,0,1,0,0,0,1,0,0,0,0,1,0,0,0,0,1,0,0,0
275,Phalangeridae,Phalanger,matanim,N,1442.38,399.77,404.5538734,5164.481079,4,Solitary,606.5501335,27.16438649,1.02,1.181166937,195.2668054,1,0,0,0,0,1.406657143,32.28007648,0,0,0,0,0,0,0,0,0,0,0,0,0,0,0,1,0,0,0
276,Phalangeridae,Phalanger,mimicus,N,2293.75,750,433.83,1496.5,4,Solitary,518.6899582,13,2,1.243352722,198.9634522,1,0,0,0,0,2,9.22,0,1,0,0,0,0,0,0,0,0,0,0,1,0,0,1,0,0,0
277,Vespertilionidae,Pharotis,imogene,N,8.1,97.55269547,142.804613,5129.987062,4,Gregarious,433.8666846,108.4383793,1.084663687,1.088934702,74.03002742,0,0,0,1,0,2.974230952,27.24731805,0,0,0,0,0,0,0,0,0,0,0,0,0,0,1,0,0,0,0
278,Dasyuridae,Phascogale,calura,N,43.015,254,115,1715.5,4,Solitary,374.16,29.245,7.5,1,89.995,0,1,0,1,1,2,0.943,0,1,0,0,0,1,0,0,0,0,1,0,1,0,0,1,0,0,0
279,Dasyuridae,Phascogale,pirata,N,181.5,418,230,2156.542,4,Solitary,372.69,28.575,6.595,1,149.57,0,0,0,1,0,3,1.875,0,1,0,0,0,1,0,0,0,0,0,0,1,0,0,1,0,0,0
280,Dasyuridae,Phascogale,tapoatafa,N,157,406,230,2156.542,4,Solitary,372.69,28.575,6.595,1,149.57,1,1,0,1,0,2,1.875,0,1,0,0,0,1,0,0,0,0,0,0,1,0,0,1,0,0,0
281,Phascolarctidae,Phascolarctos ,cinereus,N,1200,782,782,5110,4,Solitary,730,35,1,1,365,1,0,0,0,0,1,20.2,0,1,0,0,0,1,0,0,0,0,0,0,1,0,0,1,0,0,0
282,Otariidae,Phocarctos,hookeri,N,273499.99,2259.485,1180.459822,8395,4,Gregarious,2030,365,1,1.05,243.44,0,1,0,0,0,2,407.925,0,0,1,0,1,0,0,0,0,0,1,0,0,0,0,0,0,1,0
283,Phocoenidae,Phocoena,dioptrica,N,115000,2020,1148.472388,5840,2,Gregarious,1460,323.5650563,0.97,0.49297508,309.0528197,0,0,1,0,0,3,658.239,0,0,1,0,1,0,0,0,0,0,0,0,0,0,0,0,0,1,0
284,Vespertilionidae,Phoniscus,papuensis,N,6.32,103,60,3144.660783,4,Gregarious,435.7954515,165.9986045,1.197785925,1.081527806,54.1603586,0,0,0,1,0,3,0.317,1,1,0,0,0,1,0,0,0,0,0,0,0,0,0,0,0,0,1
285,Physeteridae,Physeter,macrocephalus,N,5.70E+07,18000,1245.20879,36500,2,Gregarious,3935.04,464.62,1,0.23,415.76,0,0,1,0,0,2,7818,0,0,1,0,1,0,0,0,0,0,0,0,0,0,0,0,0,1,0
286,Vespertilionidae,Pipistrellus,adamsi,N,3.34,72,40,1396.418095,4,Gregarious,53.57,61.27,1.92,3,44.8,0,0,0,1,0,3,0.111,1,1,0,0,0,1,0,0,0,0,0,0,1,0,1,0,0,0,0
287,Vespertilionidae,Pipistrellus,westralis,N,3.34,69,37,1415.256213,4,Gregarious,53.57,61.27,1.92,3,44.8,0,0,0,1,0,3,0.11,1,1,0,0,0,1,0,0,0,0,0,0,0,0,1,0,0,0,0
288,Dasyuridae,Planigale,gilesi,N,11.5,140,76,1220.576831,4,Solitary,281.3130277,16,7,1.5,65,0,1,0,1,0,3,0.176,0,1,0,0,0,0,0,0,0,0,1,0,0,1,0,0,1,0,0
289,Dasyuridae,Planigale,ingrami,N,4.6,120,59,1328.08741,4,Solitary,259.2469613,18.89214974,6.5,1.766533901,80.67813067,0,1,0,1,0,3,0.15,0,1,0,0,0,0,0,0,0,0,1,0,1,0,0,0,1,0,0
290,Dasyuridae,Planigale,kendricki,N,11.3,152.44,74,2117,4,Solitary,308.79,20,7.645,2,70.72,0,0,0,1,0,2.785101587,0.362212296,0,1,0,0,0,1,0,0,0,0,1,0,0,0,0,0,1,0,0
291,Dasyuridae,Planigale,maculata,N,9.1,122,68,1825,4,Solitary,272.11,15.62,5.23,2,83.52,0,1,0,1,1,3,0.2,0,1,0,0,0,0,1,0,0,0,1,0,1,0,0,0,1,0,0
292,Dasyuridae,Planigale,tealei,N,6.85,127,61,1898,4,Solitary,272.11,19,5.995,2,94.73,0,1,0,1,0,2.853502381,0.405321399,0,1,0,0,0,0,1,0,0,0,1,0,1,0,0,0,1,0,0
293,Dasyuridae,Planigale,tenuirostris,N,6.035,121,50,474.5,4,Solitary,267.7451017,19,7.24,2,90,0,0,0,1,0,3,0.14,0,1,0,0,0,0,1,0,1,0,0,0,1,0,0,0,1,0,0
294,Muridae,Pogonomys,loriae,N,178.5501173,288.3166996,270.605409,2963.197518,4,Gregarious,126.273046,32.98895501,2.787306836,2.818287675,29.53944531,1,0,0,1,0,1.928294444,28.10884821,0,0,0,0,0,0,0,0,0,0,0,0,0,0,0,0,1,0,0
295,Muridae,Pogonomys,macrourus,N,178.5501173,288.3166996,270.605409,2963.197518,4,Gregarious,126.273046,32.98895501,2.787306836,2.818287675,29.53944531,1,0,0,1,0,1.928294444,28.10884821,0,0,0,0,0,0,0,0,0,0,0,0,0,0,0,0,1,0,0
296,Muridae,Pogonomys,mollipilosus,N,175.7333521,289.044773,265.1740629,2930.261818,4,Gregarious,125.5414082,32.98895501,2.820195555,2.818287675,29.3581995,1,0,0,1,0,1.928294444,27.86167113,0,0,0,0,0,0,0,0,0,0,0,0,0,0,0,0,1,0,0
297,Muridae,Pogonomys,sp,N,95.195,318.5,142.06,1836.595355,4,Gregarious,126.5050889,30.68566406,2.175,2.804941794,32.1338295,1,0,0,1,0,1.90777619,1.632305579,0,1,0,0,0,1,1,0,0,0,0,0,1,0,0,0,1,0,0
298,Potoroidae,Potorous,gilbertii,N,1087.335,536,312,5496.292,4,Gregarious,382.625,33.55,1,2,167.33,1,0,0,0,0,1,9.428,0,1,0,0,0,0,0,0,0,0,1,0,1,0,0,0,1,0,0
299,Potoroidae,Potorous,longipes,N,1742.53,720,387.495,5587.542,4,Solitary,855.56,38,1,1.72,161,1,0,0,0,0,2,12.042,0,1,0,0,0,0,0,0,0,0,1,0,1,0,0,0,1,0,0
300,Potoroidae,Potorous,platyops,N,499.99,426,243,4264.265943,4,Solitary,372.4808428,31.47401408,1.236728689,1.841021155,147.5760015,1,0,0,0,0,1.297833333,7.695107466,0,1,0,0,0,0,0,0,0,0,0,0,0,0,0,0,1,0,0
301,Potoroidae,Potorous,tridactylus,N,1054.67,576,341,5496.292,4,Solitary,413.84,31.775,1,2,160.665,1,0,0,1,0,2,9.63,0,1,0,0,0,0,0,0,0,0,1,0,1,0,0,0,1,0,0
302,Dasyuridae,Pseudantechinus,bilarni,N,23.05,240,98.18,1095,4,Solitary,353.81,38.98,4.75,1,100.68,0,0,0,1,0,3,0.673,0,1,0,0,0,0,0,0,0,0,1,0,1,0,0,1,0,0,0
303,Dasyuridae,Pseudantechinus,macdonnellensis,N,39.99,185,105,2883.5,4,Solitary,355.43,44.36,5.94,1,106,0,0,0,1,0,3,0.508,0,1,0,0,0,0,0,0,0,0,1,0,1,0,0,0,1,0,0
304,Dasyuridae,Pseudantechinus,mimulus,N,24,176.5,92.5,2883.5,4,Solitary,350,44.36,5.94,1,106,0,0,0,1,0,3,0.672,0,1,0,0,0,0,0,0,1,0,0,0,1,0,0,0,1,0,0
305,Dasyuridae,Pseudantechinus,ningbing,N,20.74,190,100,730,4,Solitary,348.62,46.71,4,1.05,111.68,0,0,0,1,0,3,0.609,0,1,0,0,0,0,0,0,0,0,1,0,0,0,0,0,1,0,0
306,Dasyuridae,Pseudantechinus,woolleyae,N,40.615,193,108,1460,4,Solitary,340.14,36.82490078,5.995,1.072325496,103.7468635,0,0,0,1,0,3,0.81,0,1,0,0,0,0,0,0,0,0,1,0,0,0,0,0,1,0,0
307,Pseudocheiridae,Pseudocheirus,occidentalis,N,987.5,810,400,3686.5,4,Solitary,375.27,18.86003821,1.945,1.5,188.57,1,0,0,0,0,1,5.781,0,1,0,0,0,1,0,0,0,0,0,0,1,0,0,1,0,0,0
308,Pseudocheiridae,Pseudocheirus,peregrinus,N,859.3,710,350,3686.5,4,Gregarious,375.27,16,1.945,1.5,188.57,1,0,0,0,0,1,5.781,0,1,0,0,0,1,0,0,0,0,0,0,1,0,0,1,0,0,0
309,Pseudocheiridae,Pseudochirops,archeri,N,1118.96,686,358,4659.940341,4,Solitary,642.9740768,20.35652286,1.015,1.1,300,1,0,0,0,0,1,5.87,0,1,0,0,0,1,0,0,0,0,0,0,1,0,0,1,0,0,0
310,Pseudocheiridae,Pseudochirulus,cinereus,N,977.48,713,353,5475,4,Solitary,639.188,19.94085143,2,1,155,1,0,0,0,0,1,5.839,0,1,0,0,0,1,0,0,0,0,0,0,1,0,0,1,0,0,0
311,Pseudocheiridae,Pseudochirulus,herbertensis,N,1098.34,747,370,2190,4,Solitary,544.23,13,1.945,1.525,121.76,1,0,0,0,0,1,4.476,0,1,0,0,0,1,0,0,0,0,0,0,1,0,0,1,0,0,0
312,Pseudocheiridae,Pseudochirulus,schlegeli,N,447.3,240.7,301.7503475,5233.598233,4,Solitary,542.6709962,27.66063079,1.26,1.396926429,149.6587792,1,0,0,0,0,1.197919048,28.38648413,0,0,0,0,0,0,0,0,0,0,0,0,0,0,0,1,0,0,0
313,Muridae,Pseudomys,albocinereus,N,28.25,172,77.5,970.292,4,Gregarious,77.34,34.202,4.08,2.215,30.008,1,0,0,1,0,2,1.195,0,1,0,0,0,0,1,0,0,0,1,0,1,0,0,0,1,0,0
314,Muridae,Pseudomys,apodemoides,N,21.89,180,75,1551.020429,4,Gregarious,133.932204,44.768,4.7,3,35.3,1,0,0,1,0,2,0.912,0,1,0,0,0,0,1,0,0,0,1,0,0,0,0,0,1,0,0
315,Muridae,Pseudomys,auritus,N,100.807107,117,158,1928.570075,4,Gregarious,145.4675898,35.60084017,2.634297587,2.120593421,28.85318126,1,0,0,1,0,1.893963492,1.406702337,0,1,0,0,0,0,0,0,0,0,0,0,0,0,0,0,1,0,0
316,Muridae,Pseudomys,australis,N,65,210,105,2883.5,4,Gregarious,183.07,31.045,3.1,2.789707897,26,1,0,0,1,0,2,1.16,0,1,0,0,0,0,1,0,0,0,1,0,1,0,0,0,1,0,0
317,Muridae,Pseudomys,bolami,N,12.79,183,80,334.583,4,Gregarious,83.962,31.881,2.375,2.727782706,30.218,1,0,0,1,0,2,0.69,0,1,0,0,0,0,1,0,0,0,1,0,1,0,0,0,1,0,0
318,Muridae,Pseudomys,calabyi,N,12,160,88.5,2518.5,4,Gregarious,119.0682685,33.44922507,3.197708948,2.413173635,30.01442724,1,0,0,0,0,2,1.116,0,1,0,0,0,0,1,0,0,0,1,0,0,0,0,0,1,0,0
319,Muridae,Pseudomys,chapmani,N,11.475,135,60,2482,4,Gregarious,136.3726169,35.91894729,4,2.663017127,31.58409165,1,0,0,0,0,2,1.011,0,1,0,0,0,0,1,0,0,0,1,0,1,0,0,0,1,0,0
320,Muridae,Pseudomys,delicatulus,N,9.78,155,75,1517.792,4,Gregarious,101.9504828,30.011,3.095,2.956347115,28.718,1,0,0,0,0,2,0.41,0,1,0,0,0,0,0,0,0,0,0,0,0,0,0,0,1,0,0
321,Muridae,Pseudomys,desertor,N,31.045,166,83,365,4,Gregarious,79.32,29.394,3,3.91,25.028,1,0,0,0,0,2,0.795,0,1,0,0,0,0,0,0,0,0,1,1,0,0,0,0,1,0,0
322,Muridae,Pseudomys,fumeus,N,70,225,136.51,730,4,Gregarious,170.3390668,33.84015897,3.5,1.5,31.08143023,1,0,0,1,0,1,1.269,0,1,0,0,0,0,1,0,0,0,1,0,1,0,0,0,1,0,0
323,Muridae,Pseudomys,glaucus,N,21.77,195,95,1753.068087,4,Gregarious,128.9019282,33.94946712,3.05384048,2.172228647,30.3320759,1,0,0,1,0,1.956887302,1.011650247,0,1,0,0,0,0,0,0,0,0,1,0,0,0,0,0,1,0,0
324,Muridae,Pseudomys,gouldii ,N,44,220,100,1807.598401,4,Gregarious,125.3053076,28,4,2.39065829,30,1,0,0,1,0,1.962654762,1.056417297,0,1,0,0,0,0,1,0,0,0,1,0,0,0,0,0,1,0,0
325,Muridae,Pseudomys,gracilicaudatus,N,79.53,258.5,134.915,1665.251103,4,Gregarious,168,27.196,2.955,3,27.135,1,0,0,1,0,2,1.242,0,1,0,0,0,0,1,0,0,0,1,0,1,0,0,0,1,0,0
326,Muridae,Pseudomys,hermannsburgensis,N,12.2,155,75,334.583,4,Gregarious,91.53,31.881,2.375,2.510965429,30.218,1,0,0,1,0,2,0.49,0,1,0,0,0,0,1,0,0,0,1,0,0,0,0,0,1,0,0
327,Muridae,Pseudomys,higginsi,N,61.63,295,144.42,504,4,Gregarious,274.61,32.363,2.91,1.75,28.414,1,0,0,1,0,2,1.32,0,1,0,0,0,0,0,0,0,0,1,0,1,0,0,0,1,0,0
328,Muridae,Pseudomys,johnsoni,N,12,160,76,2518.5,4,Gregarious,127.3168978,33.62456309,3.250098321,2.299440429,30.1638039,1,0,0,0,0,2,1.035,0,1,0,0,0,0,1,0,0,0,1,0,0,0,0,0,1,0,0
329,Muridae,Pseudomys,nanus,N,52.19,243.5,123,1597.57206,4,Gregarious,101.7,24.169,3,3.255386881,24.218,1,0,0,0,0,2,1.015,0,1,0,0,0,0,0,0,0,0,1,0,0,0,0,0,1,0,0
330,Muridae,Pseudomys,novaehollandiae,N,17.4,165,78,1456.958,4,Gregarious,122.04,31.871,4.05,3.75,26.448,1,0,0,1,0,2,0.675,0,1,0,0,0,0,1,0,0,0,1,0,1,0,0,0,1,0,0
331,Muridae,Pseudomys,occidentalis,N,34,226,97,1761.125,4,Gregarious,118.5426646,33.03066298,3,2.328639385,29.86547075,1,0,0,1,0,2,1.229,0,1,0,0,0,0,1,0,0,0,1,0,1,0,0,0,1,0,0
332,Muridae,Pseudomys,oralis,N,65,257.5,135,2883.5,4,Gregarious,162.5,31.045,3.05,2.736846567,26,1,0,0,1,0,2,1.303,0,1,0,0,0,0,0,0,0,0,1,0,0,0,0,0,1,0,0
333,Muridae,Pseudomys,patrius,N,11,136,63,365,4,Gregarious,100.9058098,34.26916514,3.48253202,2.695928079,30.70079943,1,0,0,0,0,2,0.854,0,1,0,0,0,0,1,0,0,0,1,0,0,0,0,0,1,0,0
334,Muridae,Pseudomys,shortridgei,N,64,205,110,2190,4,Gregarious,324.83,34.67854219,3,1,43.87478588,1,0,0,0,0,2,1.338,0,1,0,0,0,0,0,0,0,0,1,0,0,0,0,0,1,0,0
335,Delphinidae,Pseudorca,crassidens,N,2.00E+06,6100,1250.803242,22812.5,2,Gregarious,3721.66,454.105,0.985,0.12,547.5,0,0,1,0,0,3,4307,0,0,1,0,1,0,0,0,0,0,0,1,1,1,0,0,0,1,0
336,Pteropodidae,Pteralopex,anceps,N,532.775,262.31,314.2915494,5706.790415,4,Gregarious,684.2102165,109.644137,1,1.132088659,145.2538017,1,0,0,0,0,1.085989683,25.44847044,0,0,0,0,0,0,0,0,0,0,0,0,0,0,0,1,0,0,0
337,Pteropodidae,Pteropus,alecto,N,641.115,254.6,254.6,7190.5,4,Gregarious,568.9145096,189,1.1,1,89.17,1,0,0,0,0,1,7.04,1,1,0,0,0,1,0,0,0,0,0,0,1,0,0,1,0,0,0
338,Pteropodidae,Pteropus,argentatus,N,636.1684523,407.4649746,385.2722504,6033.476293,4,Gregarious,656.089071,121.6281639,1.092960698,1.113286496,152.2957141,1,0,0,0,0,1.109400794,28.61340591,0,0,0,0,0,0,0,0,0,0,0,0,0,0,0,1,0,0,0
339,Pteropodidae,Pteropus,aruensis,N,874.94,285.02,347.7210191,6056.486373,4,Gregarious,655.9429546,121.6527731,1.068857037,1.110346433,142.5951148,1,0,0,0,0,1.083555556,27.00337566,0,0,0,0,0,0,0,0,0,0,0,0,0,0,0,1,0,0,0
340,Pteropodidae,Pteropus,conspicillatus,N,760.71,230,230,4218.792,4,Gregarious,755.15,156.0998826,1,1.09034569,139.51,1,0,0,0,0,1,8.35,1,1,0,0,0,1,0,0,0,0,0,0,0,0,0,1,0,0,0
341,Pteropodidae,Pteropus,gilliardorum,N,406.94,159.02,290.7851822,5860.594052,4,Gregarious,704.1970346,119.8242342,1.055872709,1.107875024,165.8136127,1,0,0,0,0,1.123142857,25.8482705,0,0,0,0,0,0,0,0,0,0,0,0,0,0,0,1,0,0,0
342,Pteropodidae,Pteropus,macrotis,N,365.99,211.17,211.17,5190.092762,4,Gregarious,709.465053,158.4368458,1,1.058127595,350.78,1,0,0,0,0,1,6.127,1,1,0,0,0,1,0,0,0,0,0,0,1,0,0,1,0,0,0
343,Pteropodidae,Pteropus,natalis,N,397,200,200,5395.63248,4,Gregarious,1095,168,1,1.05180231,167.5763006,1,0,0,0,0,1.353370635,15.18245851,1,1,0,0,0,1,0,0,0,0,0,0,1,0,0,1,0,0,0
344,Pteropodidae,Pteropus,poliocephalus,N,675,272.59,272.59,8614,4,Gregarious,536.12,187.72,1,1,120,1,0,0,0,0,1,7.23,1,1,0,0,0,1,0,0,0,0,0,0,1,0,0,1,0,0,0
345,Pteropodidae,Pteropus,scapulatus,N,362,215,215,5767,4,Gregarious,566.36,168,1,1.066836758,133.76,1,0,0,1,0,1,5.36,1,1,0,0,0,1,0,0,0,0,0,0,1,0,0,1,0,0,0
346,Muridae,Rattus,adustus,N,158,271.4149551,248.3351821,2697.030475,4,Gregarious,113.6990747,27.81849304,4.223168216,3.050718944,28.82344068,1,0,0,1,0,1.876439683,26.84725582,0,0,0,0,0,0,0,0,0,0,0,0,0,0,0,0,1,0,0
347,Muridae,Rattus,blangorum,N,142.68,195.995,221.2401658,1533,4,Gregarious,107.323,22.261,5.88,4.28,26.087,1,1,0,1,0,1.877149206,26.51820991,0,0,0,0,0,0,0,0,0,0,0,0,0,0,0,0,1,0,0
348,Muridae,Rattus,bontanus,N,239,283.7059338,266.0741909,2727.524211,4,Gregarious,114.8711374,27.81433367,4.213106395,3.050718944,29.24205492,1,0,0,1,0,1.878739683,27.56457133,0,0,0,0,0,0,0,0,0,0,0,0,0,0,0,0,1,0,0
349,Muridae,Rattus,colletti,N,151.99,281,132,547.5,4,Gregarious,60.872,21.902,5.995,4,26.82003827,1,0,0,0,0,2,1.554,0,1,0,0,1,0,0,0,0,0,1,0,1,0,0,0,1,0,0
350,Muridae,Rattus,enganus,N,305,284.9900701,265.3756609,2657.338082,4,Gregarious,93.86817181,26.72879798,4.54740718,3.644801552,31.38353213,1,1,0,1,0,1.881292063,27.76615167,0,0,0,0,0,0,0,0,0,0,0,0,0,0,0,0,1,0,0
351,Muridae,Rattus,exulans,Y,60.315,250,119.9,1426.542,4,Gregarious,57.41,21.779,3.665,3.635,25.87,1,1,0,1,0,1.914135714,10.13992936,0,1,0,0,0,1,0,0,0,0,1,0,0,0,0,0,1,0,0
352,Muridae,Rattus,fuscipes,N,127.29,409,214,1934.5,4,Gregarious,59.31,26,4.58,3.3,29.523,1,0,0,1,0,2,1.69,0,1,0,0,0,0,0,0,0,0,1,0,1,0,0,0,1,0,0
353,Muridae,Rattus,giluwensis,N,101.11,150.55,201.9866269,2530.845999,4,Gregarious,93.27624136,28.72075671,4.21104661,3.481506393,30.32508978,1,0,0,1,0,1.895520635,26.38129699,0,0,0,0,0,0,0,0,0,0,0,0,0,0,0,0,1,0,0
354,Muridae,Rattus,koopmani,N,151.4,267.0148849,244.9247615,2698.978498,4,Gregarious,113.5774487,27.85207579,4.227851073,3.0491045,28.80097588,1,0,0,1,0,1.876439683,26.78707475,0,0,0,0,0,0,0,0,0,0,0,0,0,0,0,0,1,0,0
355,Muridae,Rattus,leucopus,N,162.445,338,189.68,1681.672747,4,Gregarious,102.07,22.827,3.475,3.633048052,25.262,1,1,0,1,0,2,1.896,0,1,0,0,0,0,0,0,0,0,1,0,1,0,0,0,1,0,0
356,Muridae,Rattus,lutreola,N,125,344,197,1819.318256,4,Gregarious,84,21,4,3.610797258,28,1,0,0,1,0,2,1.839,0,1,0,0,0,0,1,0,0,0,1,1,1,1,0,0,1,0,0
357,Muridae,Rattus,norvegicus,Y,280,440,240,730,4,Gregarious,55.23,21.61,8.855,3.68,25,1,1,0,1,0,1.893104762,12.78333627,0,1,0,0,0,0,1,0,0,0,1,0,0,0,0,0,1,0,0
358,Muridae,Rattus,pelurus,N,170.27,277.3668274,246.8950173,2562.336141,4,Gregarious,91.7452978,27.42482733,4.585376875,3.40415754,28.17419861,1,1,0,1,0,1.883075397,26.93964094,0,0,0,0,0,0,0,0,0,0,0,0,0,0,0,0,1,0,0
359,Muridae,Rattus,rattus,Y,200,420,201.99,1533,4,Gregarious,115.29,22.261,5.95,4.28,26.087,1,1,0,1,0,1.916938095,11.80675289,0,1,0,0,0,1,0,0,0,0,1,0,0,0,0,0,1,0,0
360,Muridae,Rattus,salocco,N,334,282.8274966,276.3845819,2840.459997,4,Gregarious,116.2888552,27.82346242,4.157108463,3.050718944,30.6076607,1,0,0,1,0,1.871989683,28.03108258,0,0,0,0,0,0,0,0,0,0,0,0,0,0,0,0,1,0,0
361,Muridae,Rattus,sanila,N,310.6690752,973.5576221,607.847926,5754.711669,4,Gregarious,191.0199,71.37016321,4.024693953,2.895216643,116.2216959,1,0,0,1,0,1.847218254,80.94435342,0,0,0,0,0,0,0,0,0,0,0,0,0,0,0,0,1,0,0
362,Muridae,Rattus,sordidus,N,157.5,287,159.67,1467.232735,4,Gregarious,51.28,21.902,5.995,4,26.51988507,1,0,0,1,0,2,1.607,0,1,0,0,0,0,1,0,0,0,1,0,0,0,0,0,1,0,0
363,Muridae,Rattus,tunneyi,N,141.395,271,151.64,365,4,Gregarious,158.16,22.102,5.545,3.199742567,22.827,1,0,0,0,0,2,1.609,0,1,0,0,0,0,1,0,0,0,1,0,1,0,0,0,1,0,0
364,Muridae,Rattus,villosissimus,N,193.5,322.5,173.155,1589.381815,4,Gregarious,63.003,21.902,5.995,4,26.57065363,1,1,0,0,0,2,1.702,0,1,0,0,0,0,1,0,0,0,1,0,0,0,0,0,1,0,0
365,Rhinolophidae,Rhinolophus,maclaudi,N,35.84,131.9399869,173.4930498,5545.069495,4,Gregarious,497.7572841,97.08168021,0.98,1.095482139,105.7046573,0,0,0,1,0,2.918533333,21.97520637,0,0,0,0,0,0,0,0,0,0,0,0,0,0,0,0,0,0,0
366,Rhinolophidae,Rhinolophus,megaphyllus,N,8.65,84,84,2737.5,4,Gregarious,730.5,125.14,1,1,56.61,0,0,0,1,0,3,0.26,1,1,0,0,0,1,0,0,0,0,0,0,0,0,1,0,0,0,0
367,Rhinolophidae,Rhinolophus,philippinensis,N,10.91,111.94834,150.0029815,4521.876512,4,Gregarious,415.9738174,101.0846863,1.108587234,1.124588766,78.66234216,0,0,0,1,0,3,0.331,0,0,0,0,0,0,0,0,0,0,0,0,0,0,1,0,0,0,0
368,Rhinolophidae,Rhinolophus,robertsi,N,13,90,57,4829.186983,4,Gregarious,490.3433183,138.7288382,1.042488802,1.128050214,92.04468174,0,0,0,1,0,2.944530952,2.434599853,1,1,0,0,0,1,0,0,0,0,0,0,0,0,1,0,0,0,0
369,Rhinonycteridae,Rhinonicteris,aurantia,N,8.3,75,49.99,3646.655746,4,Gregarious,451.11,148.4,1,1,59.99,0,0,0,1,0,3,0.249,1,1,0,0,0,1,0,0,0,0,0,0,1,0,1,0,0,0,0
370,Bovidae,Rupicapra,rupicapra,Y,35383.175,1380,1300,8030,4,Gregarious,642.64,149.721,1,1,76.02,1,0,0,0,0,1.073856349,158.4428125,0,0,0,1,0,0,0,0,0,0,1,1,0,0,0,0,1,0,0
371,Emballonuridae,Saccolaimus,flaviventris,N,45.25,127,92,3837.570748,4,Solitary,363.1276306,151.9944768,1.224919945,2,104.9789586,0,0,0,1,0,3,0.678,1,1,0,0,0,1,0,0,0,0,0,0,0,0,1,0,0,0,0
372,Emballonuridae,Saccolaimus,mixtus,N,38.29,99,75,3922.495313,4,Gregarious,423.3563235,154.5368488,1.019568266,1.19845704,86.80875522,0,0,0,1,0,3,0.69,1,1,0,0,0,1,0,0,0,0,0,0,0,0,1,0,0,0,0
373,Emballonuridae,Saccolaimus,saccolaimus,N,43,126,97,4088.699523,4,Gregarious,432.7196155,143.4299113,1,1.144410774,104.9448918,0,0,0,1,0,3,0.67,1,1,0,0,0,1,0,0,0,0,0,0,1,0,1,0,0,0,0
374,Dasyuridae,Sarcophilus,harrisii,N,6500,910,678.93,4766.292,4,Solitary,777.31,26,2.94,1,243.33,0,1,0,0,1,3,16.669,0,1,0,0,0,1,0,0,0,0,1,0,1,0,0,0,1,0,0
375,Sciuridae,Sciurus,carolinensis,Y,540.33,315,400.8984218,8760,4,Gregarious,337.88,44,3,2,66,1,0,0,1,0,1.431811111,42.75450864,0,0,0,0,0,0,0,0,0,0,0,0,0,0,0,0,1,0,0
376,Vespertilionidae,Scoteanax,rueppellii,N,26.41,131,86,3566.638885,4,Gregarious,410.8134973,132.3616262,1,1.0361625,79.24613582,0,1,0,1,0,3,0.909,1,1,0,0,0,1,0,0,0,0,0,0,1,0,1,0,0,0,0
377,Vespertilionidae,Scotorepens,balstoni,N,11.7,102,60,3540.5,4,Gregarious,398.6132144,211.455,1.5,1.231857917,29,0,0,0,1,0,3,0.384,1,1,0,0,0,1,0,0,0,0,0,0,1,0,1,0,0,0,0
378,Vespertilionidae,Scotorepens,greyii,N,10,77,45,2969.881459,4,Gregarious,406.1209075,131.4276719,2,1.110002282,48.05108368,0,0,0,1,0,3,0.217,1,1,0,0,0,1,0,0,0,0,0,0,1,0,1,0,0,0,0
379,Vespertilionidae,Scotorepens,orion,N,11.765,92,54,3540.5,4,Gregarious,400.0623556,210,1.5,1.234426667,29,0,0,0,1,0,3,0.402,1,1,0,0,0,1,0,0,0,0,0,0,1,0,1,0,0,0,0
380,Vespertilionidae,Scotorepens,sanborni,N,9.915,90,52,3540.5,4,Gregarious,400.624118,210,1.5,1.237205833,29,0,0,0,1,0,3,0.158,1,1,0,0,0,1,0,0,0,0,0,0,1,0,1,0,0,0,0
381,Molossidae,Setirostris,eleryi,N,5.8,78,45,4282.974409,4,Gregarious,453.9945016,135.2350482,1,1.06004004,75.06196553,0,0,0,1,0,2.9795,4.611833848,1,1,0,0,0,1,0,0,0,0,0,0,1,0,1,0,0,0,0
382,Macropodidae,Setonix,brachyurus,N,2821.15,817.5,520,5040.042,4,Gregarious,442.19,26.945,1,1.4,249.12,1,0,0,0,0,1,17.5,0,1,0,0,0,0,0,0,0,0,1,1,0,0,0,0,1,0,0
383,Dasyuridae,Sminthopsis,archeri,N,16,212,92.42,1165.766214,4,Solitary,307.1459972,20.39309939,8.15,1.302266591,83.98653746,0,0,0,1,0,3,0.416,0,1,0,0,0,0,0,0,0,0,1,0,0,0,0,0,1,0,0
384,Dasyuridae,Sminthopsis,bindi,N,17.5,162,75,1238.965425,4,Solitary,290.7404404,20.54730371,6.562635206,1.39026044,82.46636643,0,0,0,1,0,3,0.363,0,1,0,0,0,0,0,0,0,0,1,0,0,0,0,0,1,0,0
385,Dasyuridae,Sminthopsis,butleri,N,25,193,108,1361.807435,4,Solitary,300.8218516,19.21078564,6.465723306,1.36977419,86.96452737,0,0,0,1,0,3,0.35,0,1,0,0,0,0,0,0,0,0,1,0,1,0,0,0,1,0,0
386,Dasyuridae,Sminthopsis,crassicaudata,N,15.98,130,75,1852.375,4,Solitary,148.31,15,7,2,70,0,1,0,1,0,3,0.373,0,1,0,0,0,0,0,0,0,0,1,0,1,0,0,0,1,0,0
387,Dasyuridae,Sminthopsis,dolichura,N,14.39,169.1,74.5,1157.05,4,Solitary,289.12,21.85550958,7.2,1.1,90,0,1,0,1,0,3,0.409,0,1,0,0,0,0,0,0,0,0,1,0,1,0,0,0,1,0,0
388,Dasyuridae,Sminthopsis,douglasi,N,55,265,95,1183.208,4,Solitary,182.64,16.2000174,6.79,2,78.90731248,0,0,0,1,0,3,0.363,0,1,0,0,0,0,0,0,0,0,1,0,1,0,0,0,1,0,0
389,Dasyuridae,Sminthopsis,fuliginosa,N,19,176,88,912,4,Solitary,365,19.06244602,8,1,70,1,1,0,1,0,3,0.508,0,1,0,0,0,0,0,0,0,0,0,0,1,0,0,0,1,0,0
390,Dasyuridae,Sminthopsis,gilberti,N,19.5,184,92,1201.569679,4,Solitary,311.1246277,24.71375826,7,1.206553921,89.22602981,0,0,0,1,0,3,0.435,0,1,0,0,0,1,0,0,0,0,1,0,1,0,0,0,1,0,0
391,Dasyuridae,Sminthopsis,granulipes,N,25,143,83,1226.249067,4,Solitary,303.3122273,20.24064568,6.541348052,1.381239766,83.71385034,0,0,0,1,0,3,0.455,0,1,0,0,0,0,0,0,0,0,1,0,1,0,0,0,1,0,0
392,Dasyuridae,Sminthopsis,hirtipes,N,15,162,77,517.083,4,Solitary,298.031899,19.33012921,6.873616095,1.385529091,82.41053951,0,1,0,1,0,3,0.41,0,1,0,0,0,0,0,0,0,0,1,0,1,0,0,0,1,0,0
393,Dasyuridae,Sminthopsis,leucopus,N,23.36,206,112,912.5,4,Solitary,360.05,16.16,8,1,84.51,0,1,0,1,0,3,0.41,0,1,0,0,0,1,0,0,0,0,1,0,1,0,0,0,1,0,0
394,Dasyuridae,Sminthopsis,longicaudata,N,18,305,100,1395.780837,4,Solitary,277.3673731,17.41989273,5.937467778,1.453965813,86.19965518,0,0,0,1,0,3,0.435,0,1,0,0,0,0,0,0,0,0,1,0,0,0,0,0,1,0,0
395,Dasyuridae,Sminthopsis,macroura,N,21.3,115,95,1791.542,4,Solitary,145.8,12,7,2,70,0,1,0,1,0,3,0.414,0,1,0,0,0,0,0,0,0,0,1,0,1,0,0,0,1,0,0
396,Dasyuridae,Sminthopsis,murina,N,16.35,160,81,730,4,Solitary,181.51,12.5,8,2,70.63,0,0,0,1,0,3,0.44,0,1,0,0,0,0,0,0,0,0,1,0,1,0,0,0,1,0,0
397,Dasyuridae,Sminthopsis,ooldea,N,11.595,151,72,1095,4,Solitary,324.38,20.87,7.24,1.1,69.8,0,1,0,1,0,3,0.395,0,1,0,0,0,0,0,0,0,0,1,0,1,0,0,0,1,0,0
398,Dasyuridae,Sminthopsis,psammophila,N,33.5,215,105,1825,4,Solitary,308,18,5.49,1.5,91.32,0,1,0,1,0,3,0.54,0,1,0,0,0,0,0,0,0,0,1,0,1,0,0,0,1,0,0
399,Dasyuridae,Sminthopsis,virginiae,N,34,270,110.07,1943.625,4,Solitary,230.31,15.655,3.305,2.22,89.49,0,1,0,1,0,3,0.34,0,1,0,0,0,0,0,0,0,0,1,0,1,0,0,0,1,0,0
400,Dasyuridae,Sminthopsis,youngsoni,N,10,133.7,68.5,1943.625,4,Solitary,273.96,21.63598828,5.5,1.1,83.12515341,0,0,0,1,0,3,0.384,0,1,0,0,0,0,0,0,0,0,1,0,0,0,0,0,1,0,0
401,Muridae,Sommeromys,macrorhinos,N,32.5,208.1952166,203.30165,4380,4,Gregarious,164.4406295,30.19758496,3.575708747,2.29779602,50.18273517,1,0,0,1,0,1.863634127,27.45552285,0,0,0,0,0,0,0,0,0,0,0,0,0,0,0,0,1,0,0
402,Delphinidae,Sousa,sahulensis,N,279999.99,2500,1211.985223,9106.75,2,Gregarious,2779.967,365.28,1,0.332,448.31,0,0,1,0,0,3,1341.831,0,0,1,0,1,0,0,0,0,0,0,0,0,0,0,0,1,0,0
403,Phalangeridae,Spilocuscus,maculatus,N,4155.23,457.96,508.3798479,6205,4,Solitary,221.76,12.995,1.63,1.1,240.375,1,0,0,0,0,1,13.882,0,0,0,0,0,1,0,0,0,0,0,0,1,0,0,1,0,0,0
404,Phalangeridae,Spilocuscus,nudicaudatus,N,4900,1015,580,4130.050209,4,Solitary,555.7891712,19.9786992,3,1.267586833,209.9559398,1,0,0,0,0,1.445619841,15.30439232,0,1,0,0,0,1,0,0,0,0,0,0,1,0,0,1,0,0,0
405,Delphinidae,Stenella,attenuata,N,112500,2135,1131.448265,16790,2,Gregarious,2773.1,345.095,1,0.35,543,0,0,1,1,0,3,780,0,0,1,0,1,0,0,0,0,0,0,0,0,0,0,0,0,1,0
406,Delphinidae,Stenella,coeruleoalba,N,122950,2900.42,1256.981188,20987.5,2,Gregarious,3724.6,368.276,1.5,0.31,456.25,0,0,1,1,0,3,836.333,0,0,1,0,1,0,0,0,0,0,0,0,1,0,0,0,0,1,0
407,Delphinidae,Stenella,longirostris,N,72666.665,2519.995,1197.986547,10594.125,2,Gregarious,2458.56,316.534,0.99,0.42,405.05,0,0,1,1,0,3,450,0,0,1,0,1,0,0,0,0,0,0,1,0,0,0,0,0,1,0
408,Delphinidae,Steno,bredanensis,N,118250,2594.995,1169.505984,17520,2,Gregarious,3194.688,338.2057325,1.059197468,0.473789791,60.88,0,0,1,0,0,3,817.717,0,0,1,0,1,0,0,0,0,0,0,0,0,0,0,0,0,1,0
409,Suidae,Sus,scrofa,Y,135000,1574.995,165,9855,4,Gregarious,350.76,115.2,5.567,1.5,97.88,1,0,0,1,1,2,169.003,0,0,0,1,0,0,0,0,0,0,1,1,0,1,0,0,1,0,0
410,Pteropodidae,Syconycteris,australis,N,17.55,69.69,69.69,2190,4,Solitary,289.165,109.584,1,2,56,1,0,0,0,0,1,0.592,1,1,0,0,0,1,0,0,0,0,0,0,0,0,0,1,0,0,0
411,Tachyglossidae,Tachyglossus ,aculeatus,N,7000,450,642.662604,6878.169849,4,Solitary,560.5743926,36.0400871,1.561510452,1.123777294,155.2094531,0,0,0,1,0,3,22.08,0,0,0,0,0,0,0,0,0,0,0,0,0,0,0,0,1,0,0
412,Emballonuridae,Taphozous,australis,N,24.215,115,90,3017.887608,4,Gregarious,478.368,98,1,1,47.005,0,0,0,1,0,3,0.503,1,1,0,0,0,1,0,0,0,0,0,0,1,0,1,0,0,0,0
413,Emballonuridae,Taphozous,georgianus,N,24.43,109,79.24,1825,4,Gregarious,278.27,99.055,1,1,42,0,0,0,1,0,3,0.469,1,1,0,0,0,1,0,0,0,0,0,0,1,0,1,0,0,0,0
414,Emballonuridae,Taphozous,hilli,N,21.99,101,71,3741.922387,4,Gregarious,430.8093107,142.5796175,1,1.176731464,81.7930284,0,0,0,1,0,3,0.501,1,1,0,0,0,1,0,0,0,0,0,0,0,0,1,0,0,0,0
415,Emballonuridae,Taphozous,kapalgensis,N,26.45,107,82,3730.540252,4,Gregarious,428.8878951,153.9223663,1.014134071,1.208991167,85.07263874,0,0,0,1,0,3,0.554,1,1,0,0,0,1,0,0,0,0,0,0,0,0,1,0,0,0,0
416,Emballonuridae,Taphozous,troughtoni,N,27.475,123,79.24,1825,4,Gregarious,443.535,99.055,1,1,42,0,0,0,1,0,3,0.514,1,1,0,0,0,1,0,0,0,0,0,0,1,0,1,0,0,0,0
417,Tarsipedidae,Tarsipes,rostratus,N,10,185,77.34,730,4,Solitary,177.2,61.27,2.965,3,89.74,1,0,0,0,0,1,0.373,0,0,0,0,0,1,0,0,0,0,0,0,0,0,0,1,0,0,0
418,Ziphiidae,Tasmacetus,shepherdi,N,1400000,5300,1268.522573,20784.43069,2,Gregarious,3158.472649,337.5744242,1.001868766,0.434365696,270.6298946,0,0,1,0,0,3,2856.998,0,0,1,0,1,0,0,0,0,0,0,0,1,0,0,0,0,1,0
419,Thylacinidae,Thylacinus,cynocephalus,N,25000,1950,1300,4745,4,Solitary,409.842245,43.59601656,3,1.55,60.88,0,1,0,0,0,2.63266746,60.26566061,0,1,0,0,0,0,0,0,0,0,1,0,1,0,0,0,0,0,0
420,Macropodidae,Thylogale,billardierii,N,5432.93,1047,630,3650,4,Solitary,418.85,29.865,1,1,245.585,1,0,0,0,0,1,22.896,0,1,0,0,0,0,0,0,0,0,1,0,1,1,0,0,1,0,0
421,Macropodidae,Thylogale,stigmatica,N,4305.735,935,492,3540.5,4,Gregarious,386.63,29,1,1.55,251,1,0,0,0,0,1,18.441,0,1,0,0,0,0,0,0,0,0,1,1,1,1,0,0,1,0,0
422,Macropodidae,Thylogale,thetis,N,4599.975,950,520,3285,4,Gregarious,627.19,30.76161807,1,1.56,209.7,1,0,0,0,0,1,19.891,0,1,0,0,0,0,0,0,0,0,1,0,1,0,0,0,1,0,0
423,Phalangeridae,Trichosurus,caninus,N,3115.06,920,580,6205,4,Solitary,1095,16.2,1.02,1,241.95,1,0,0,0,0,2,12.225,0,1,0,0,0,1,0,0,0,0,1,0,1,0,0,1,0,0,0
424,Phalangeridae,Trichosurus,cunninghami,N,3400,866,516,5840,4,Solitary,730,17,1,1,252,1,0,0,0,0,2,12.648,0,1,0,0,0,1,0,0,0,0,1,0,1,0,0,1,0,0,0
425,Phalangeridae,Trichosurus,vulpecula,N,2001.167,950,526.39,5803.5,4,Solitary,420.91,17.25,1.007,1.6,194.235,1,0,0,0,0,2,11.421,0,1,0,0,0,1,0,0,0,0,1,0,1,0,0,1,0,0,0
426,Delphinidae,Tursiops,aduncus,N,141150,2400,1148.753437,19345,2,Gregarious,4544.15,365,1,0.5,592.629,0,0,1,1,0,3,1340.078,0,0,1,0,1,0,0,0,0,0,0,0,0,0,0,0,0,1,0
427,Delphinidae,Tursiops,truncatus,N,230000,3628.955,1191.341563,19345,2,Gregarious,3354.8,365,1,0.5,562.229,0,0,1,0,0,3,1551.445,0,0,1,0,1,0,0,0,0,0,0,0,0,0,0,0,0,1,0
428,Muridae,Uromys,boeadii,N,415.1527112,360.6550305,285.7546152,3175.704722,4,Gregarious,185.6461833,40.89141691,2.197516595,2.149271675,36.63767375,1,0,0,1,0,1.818925397,28.88366143,0,0,0,0,0,0,0,0,0,0,0,0,0,0,0,0,1,0,0
429,Muridae,Uromys,caudimaculatus,N,644.42,662,341.505,1460,4,Gregarious,184.63,39.056,1.76,2.208850278,40.24,1,1,0,1,0,1,4.162,0,1,0,0,0,0,0,0,0,0,0,0,0,0,0,0,0,0,1
430,Muridae,Uromys,emmae,N,415.1527112,360.6550305,285.7546152,3175.704722,4,Gregarious,185.6461833,40.89141691,2.197516595,2.149271675,36.63767375,1,0,0,1,0,1.818925397,28.88366143,0,0,0,0,0,0,0,0,0,0,0,0,0,0,0,0,1,0,0
431,Muridae,Uromys,hadrourus,N,149.11,398,194,1460,4,Gregarious,153.291389,35.10080093,3,2.740339175,18.6,1,0,0,1,0,2,2.224,0,1,0,0,0,0,0,0,0,0,1,0,1,0,0,0,0,0,1
432,Muridae,Uromys,siebersi,N,634.71,283.01,290.6632461,3283.214948,4,Gregarious,183.623,39.056,1.76,2.129265179,40.24,1,0,0,1,0,1.734246032,28.77273743,0,0,0,0,0,0,0,0,0,0,0,0,0,0,0,0,0,0,0
433,Vespertilionidae,Vespadelus,baverstocki,N,4.3,70,40,1779.705441,4,Gregarious,355.4943627,88.91161846,1,1.128189083,51.23340553,0,0,0,1,0,3,0.811,1,1,0,0,0,1,0,0,0,0,0,0,1,0,1,0,0,0,0
434,Vespertilionidae,Vespadelus,caurinus,N,6.79,75,40,1095,4,Gregarious,329.0923817,90.87770801,1.29,1.120521563,36.41,0,0,0,1,0,3,0.154,1,1,0,0,0,1,0,0,0,0,0,0,1,0,1,0,0,0,0
435,Vespertilionidae,Vespadelus,darlingtoni,N,6.06,80.9,45.6,1095,4,Gregarious,364.4204181,89.9391018,1,1.095649302,49.93626312,0,0,0,1,0,3,0.173,1,1,0,0,0,1,0,0,0,0,0,0,0,0,1,0,0,0,0
436,Vespertilionidae,Vespadelus,douglasorum,N,4.99,75,39,1481.857116,4,Gregarious,361.5928555,90.54461249,1,1.07534,49.68228327,0,0,0,1,0,3,0.149,1,1,0,0,0,1,0,0,0,0,0,0,1,0,1,0,0,0,0
437,Vespertilionidae,Vespadelus,finlaysoni,N,5,75.3,40.1,1095,4,Gregarious,354.778568,91.81406061,1.2,1.076573631,46.05356795,0,0,0,1,0,3,0.162,1,1,0,0,0,1,0,0,0,0,0,0,0,0,1,0,0,0,0
438,Vespertilionidae,Vespadelus,pumilus,N,5.4,78,44,2190,4,Gregarious,420.91,111.304671,1.21,1,46.6,0,0,0,1,0,3,0.122,1,1,0,0,0,1,0,0,0,0,0,0,0,0,1,0,0,0,0
439,Vespertilionidae,Vespadelus,regulus,N,5.05,85,46,2920,4,Gregarious,410.0106896,91.93,1,1,60.41,0,0,0,1,0,3,0.189,1,1,0,0,0,1,0,0,0,0,0,0,0,0,1,0,0,0,0
440,Vespertilionidae,Vespadelus,troughtoni,N,5.5,81,43,1095,4,Gregarious,350.4498949,89.88955951,1.339485861,1.098420913,45.22827363,0,0,0,1,0,3,0.171,1,1,0,0,0,1,0,0,0,0,0,0,0,0,1,0,0,0,0
441,Vespertilionidae,Vespadelus,vulturnus,N,3.77,83,48,212.917,4,Gregarious,395.418617,86.93868358,1,1,49,0,0,0,1,0,3,0.157,1,1,0,0,0,1,0,0,0,0,0,0,0,0,1,0,0,0,0
442,Camelidae,Vicugna,pacos,Y,19570,1862.670978,2183,8985.631193,4,Gregarious,547.5,342,1.267370463,0.985273575,186.4267234,1,0,0,0,0,1.203915873,217.0046347,0,0,0,1,0,0,0,0,0,0,1,1,0,0,0,0,1,0,0
443,Vombatidae,Vombatus,ursinus,N,25750,1010,985,10959.125,4,Solitary,755.15,28.5,1,0.77,398.725,1,0,0,0,0,1,61.124,0,1,0,0,0,0,1,0,0,0,1,0,0,0,0,0,1,0,0
444,Canidae,Vulpes,vulpes,Y,4580.3,1190,630,7774.5,4,Gregarious,321.07,52.352,4.732,1,49.71,1,1,0,1,1,2,46.198,0,1,0,0,0,0,0,0,0,0,1,1,1,1,0,0,1,0,0
445,Macropodidae,Wallabia,bicolor,N,14812.475,1593.5,798.5,6132,4,Gregarious,490.72,35.94,1.02,1.4,351.725,1,0,0,0,0,1,32.7,0,1,0,0,0,0,0,0,0,0,1,0,1,0,0,0,1,0,0
446,Phalangeridae,Wyulda,squamicaudata,N,1799.21,695,395,2190,4,Solitary,834.72,18.59622632,1.01,1,240.97,1,0,0,0,0,2,10.36,0,1,0,0,0,1,0,0,0,0,1,0,1,0,0,1,0,0,0
447,Muridae,Xeromys,myoides,N,45.2,208.5,103.5,879.042,4,Gregarious,126.3290935,33.62144991,2,2.672401504,34.31610819,0,0,0,1,0,2,1.08,0,1,0,0,0,1,1,0,0,0,1,0,1,0,0,0,1,0,0
448,Tachyglossidae,Zaglossus,attenboroughi,N,3000,623.2287176,635.3298325,7769.618783,4,Solitary,578.109812,45.64273533,1.45743902,1.134672643,171.6024833,0,0,0,1,0,2.73741746,63.14840595,0,0,0,0,0,0,0,0,0,0,0,0,0,0,0,0,1,0,0
449,Tachyglossidae,Zaglossus,bartoni,N,8951.71,675,756.3254087,15038,4,Solitary,682.885248,10,1,1,152,0,0,0,1,0,2.699769048,155.4255245,0,0,0,0,0,0,0,0,0,0,0,0,0,0,0,0,1,0,0
450,Tachyglossidae,Zaglossus,bruijni,N,42023.43873,1031.625372,850.126592,10118.09446,4,Gregarious,610.770167,83.41993647,1.478354232,1.11730154,185.5571839,0,0,0,1,0,2.733774603,106.4686639,0,0,0,0,0,0,0,0,0,0,0,0,0,0,0,0,1,0,0
451,Ziphiidae,Ziphius,cavirostris,N,3500000,8500,1245.02672,22630,2,Gregarious,4015,365,1,0.412589944,331.9006162,0,0,1,0,0,3,2004,0,0,1,0,1,0,0,0,0,0,0,0,0,0,0,0,0,1,0
452,Muridae,Zyzomys,argurus,N,45.21,233,108,1517.792,4,Gregarious,155.06,27.718,2.63,1.42,35.3,1,0,0,1,0,2,1.201,0,1,0,0,0,0,0,0,0,0,1,0,0,0,0,0,1,0,0
453,Muridae,Zyzomys,maini,N,93.995,296,146,2124.741325,4,Gregarious,168,36.15064217,2.5,1.811342167,30.50952805,1,0,0,0,0,1,1.519,0,1,0,0,0,0,0,0,0,0,1,0,0,0,0,0,1,0,0
454,Muridae,Zyzomys,palatalis,N,123,257,126,2263,4,Gregarious,224,35.32481181,2.5,1.791780393,34.89884476,1,0,0,0,0,1,1.741,0,1,0,0,0,0,0,0,0,0,1,0,0,0,0,0,1,0,0
455,Muridae,Zyzomys,pedunculatus,N,100,280,140,2737.5,4,Gregarious,168,36.23617871,2.436614194,1.792593111,30.75372439,1,0,0,0,0,1,1.43,0,1,0,0,0,0,0,0,0,0,1,0,1,0,0,0,1,0,0
456,Muridae,Zyzomys,woodwardi,N,112.51,265,143,1973.435666,4,Gregarious,155.06,36.22773712,2.23,1.065,35.3,1,0,0,0,0,1,1.711,0,1,0,0,0,0,0,0,0,0,1,0,1,0,0,0,1,0,0